,Symbol,Series,Date,Prev Close,Open Price,High Price,Low Price,Last Price,Close Price,Average Price,Total Traded Quantity,Turnover,No. of Trades,Deliverable Qty,% Dly Qt to Traded Qty,Month,Year,Day_Perc_Change,Trend
0,PNB,EQ,2017-05-15,169.15,169.95,171.3,166.2,166.85,166.8,168.94,7476618,1263123175.4,41641,1352589,18.09,May,2017,0.0,Slight or No change
1,PNB,EQ,2017-05-16,166.8,167.35,178.0,164.8,173.2,174.15,173.13,51532461,8921903967.6,254027,5804867,11.26,May,2017,0.04406474820143891,Slight or No change
2,PNB,EQ,2017-05-17,174.15,173.0,173.1,164.3,164.8,165.05,167.27,26536944,4438941589.0,116512,7037498,26.52,May,2017,-0.0522538041917886,Slight or No change
3,PNB,EQ,2017-05-18,165.05,163.4,164.4,157.9,158.25,158.5,161.06,13905573,2239612548.3,76746,3245443,23.34,May,2017,-0.039684943956376895,Slight or No change
4,PNB,EQ,2017-05-19,158.5,159.5,162.25,154.1,155.2,155.2,157.59,16311602,2570540467.55,82394,2816963,17.27,May,2017,-0.020820189274448064,Slight or No change
5,PNB,EQ,2017-05-22,155.2,157.5,158.0,150.25,151.05,150.95,153.77,11857847,1823358970.75,61559,1874308,15.81,May,2017,-0.027384020618556715,Slight or No change
6,PNB,EQ,2017-05-23,150.95,151.95,154.35,145.55,149.1,149.75,150.19,18177361,2730134675.2,84779,2318975,12.76,May,2017,-0.00794965220271604,Slight or No change
7,PNB,EQ,2017-05-24,149.75,149.7,152.35,146.5,147.3,147.45,149.16,12578488,1876156468.6,63143,1093155,8.69,May,2017,-0.015358931552587718,Slight or No change
8,PNB,EQ,2017-05-25,147.45,148.5,151.9,144.35,151.2,150.7,148.28,18805386,2788529745.95,70546,5106397,27.15,May,2017,0.02204136995591721,Slight or No change
9,PNB,EQ,2017-05-26,150.7,151.0,153.3,149.6,150.3,150.65,151.23,9285518,1404293979.65,45352,1805638,19.45,May,2017,-0.00033178500331776384,Slight or No change
10,PNB,EQ,2017-05-29,150.65,150.45,151.85,143.05,143.65,145.1,147.58,8154328,1203406698.45,37624,1838845,22.55,May,2017,-0.03684035844673095,Slight or No change
11,PNB,EQ,2017-05-30,145.1,143.9,148.0,142.4,146.45,146.35,146.11,10767305,1573237194.75,46802,2178803,20.24,May,2017,0.008614748449345289,Slight or No change
12,PNB,EQ,2017-05-31,146.35,146.85,151.6,145.0,150.85,150.5,148.56,16851657,2503432202.0,62225,5241274,31.1,May,2017,0.028356679193713763,Slight or No change
13,PNB,EQ,2017-06-01,150.5,151.0,152.3,149.25,151.6,151.9,150.95,9103808,1374191400.3,39672,969143,10.65,June,2017,0.009302325581395321,Slight or No change
14,PNB,EQ,2017-06-02,151.9,153.4,154.05,150.9,153.0,153.05,152.87,7997880,1222653756.1,37217,1520732,19.01,June,2017,0.007570770243581437,Slight or No change
15,PNB,EQ,2017-06-05,153.05,153.45,154.75,152.8,153.85,153.8,153.8,5133407,789529480.9,27356,928075,18.08,June,2017,0.004900359359686357,Slight or No change
16,PNB,EQ,2017-06-06,153.8,154.1,154.5,149.05,149.55,149.5,151.32,6081488,920237705.2,32123,1091219,17.94,June,2017,-0.0279583875162549,Slight or No change
17,PNB,EQ,2017-06-07,149.5,149.5,153.0,149.25,152.65,152.35,151.17,7023536,1061741432.05,37817,1243197,17.7,June,2017,0.019063545150501682,Slight or No change
18,PNB,EQ,2017-06-08,152.35,152.8,153.15,150.75,151.3,151.3,151.73,5183430,786460561.9,29855,892803,17.22,June,2017,-0.006892024942566355,Slight or No change
19,PNB,EQ,2017-06-09,151.3,151.0,152.75,149.65,151.8,152.15,151.45,4215439,638407453.8,23742,531658,12.61,June,2017,0.00561797752808979,Slight or No change
20,PNB,EQ,2017-06-12,152.15,151.0,151.0,147.5,148.6,148.4,148.89,6329251,942376196.15,33295,911020,14.39,June,2017,-0.024646730200460043,Slight or No change
21,PNB,EQ,2017-06-13,148.4,148.8,150.5,147.5,149.15,148.75,149.12,4610203,687463916.05,36325,825200,17.9,June,2017,0.002358490566037652,Slight or No change
22,PNB,EQ,2017-06-14,148.75,149.6,152.7,148.3,152.2,152.0,150.56,8829217,1329301635.55,43060,1584689,17.95,June,2017,0.02184873949579824,Slight or No change
23,PNB,EQ,2017-06-15,152.0,148.6,150.7,146.7,147.2,147.45,148.04,12486764,1848505520.4,55170,2697077,21.6,June,2017,-0.02993421052631584,Slight or No change
24,PNB,EQ,2017-06-16,147.45,148.5,148.9,146.7,147.5,147.65,147.72,6445657,952149860.05,29679,2200753,34.14,June,2017,0.0013563919972874316,Slight or No change
25,PNB,EQ,2017-06-19,147.65,148.5,149.0,146.8,146.95,147.25,148.06,3972793,588220932.95,29398,690014,17.37,June,2017,-0.0027091093802912303,Slight or No change
26,PNB,EQ,2017-06-20,147.25,146.9,147.6,143.5,144.05,143.9,144.66,11058383,1599745028.9,47839,4668493,42.22,June,2017,-0.022750424448217288,Slight or No change
27,PNB,EQ,2017-06-21,143.9,144.1,146.65,143.5,146.15,146.2,145.79,6615254,964436954.9,49075,1607645,24.3,June,2017,0.015983321751215973,Slight or No change
28,PNB,EQ,2017-06-22,146.2,146.95,147.9,144.75,145.35,145.55,146.58,4476023,656117024.55,26433,877736,19.61,June,2017,-0.004445964432284399,Slight or No change
29,PNB,EQ,2017-06-23,145.55,145.75,146.55,142.1,144.1,143.9,144.08,6011716,866189019.65,36711,1388169,23.09,June,2017,-0.011336310546204098,Slight or No change
30,PNB,EQ,2017-06-27,143.9,144.4,144.4,135.6,136.2,137.0,137.82,11185507,1541598359.15,56355,1918992,17.16,June,2017,-0.04794996525364836,Slight or No change
31,PNB,EQ,2017-06-28,137.0,134.4,138.25,132.65,136.6,136.5,136.05,10796349,1468875924.3,53240,1259571,11.67,June,2017,-0.0036496350364964014,Slight or No change
32,PNB,EQ,2017-06-29,136.5,138.0,139.75,134.8,138.1,138.05,137.11,9372758,1285095594.75,35607,2593740,27.67,June,2017,0.011355311355311537,Slight or No change
33,PNB,EQ,2017-06-30,138.05,136.85,138.6,135.5,136.6,137.3,137.38,5476662,752375712.55,24323,738785,13.49,June,2017,-0.005432814197754432,Slight or No change
34,PNB,EQ,2017-07-03,137.3,137.5,140.0,136.6,139.55,139.25,137.99,4541871,626729516.45,27851,1007586,22.18,July,2017,0.014202476329206126,Slight or No change
35,PNB,EQ,2017-07-04,139.25,139.4,140.35,135.8,135.85,136.55,137.96,4799590,662130387.95,23419,999998,20.84,July,2017,-0.019389587073608494,Slight or No change
36,PNB,EQ,2017-07-05,136.55,136.4,137.6,135.25,136.6,136.6,136.59,6423645,877404578.35,31076,1765608,27.49,July,2017,0.0003661662394724985,Slight or No change
37,PNB,EQ,2017-07-06,136.6,140.45,144.2,139.75,143.5,143.3,142.35,16877517,2402481653.45,77265,4314027,25.56,July,2017,0.04904831625183026,Slight or No change
38,PNB,EQ,2017-07-07,143.3,143.6,144.8,142.45,144.0,144.2,143.77,6501418,934695017.85,33965,1583305,24.35,July,2017,0.006280530355896596,Slight or No change
39,PNB,EQ,2017-07-10,144.2,148.0,154.25,145.1,153.1,153.25,152.52,6737212,1027572511.5,31366,2308584,34.27,July,2017,0.06276005547850216,Slight or No change
40,PNB,EQ,2017-07-11,153.25,154.35,155.1,148.7,149.4,149.4,152.06,10977204,1669203805.2,58220,3247898,29.59,July,2017,-0.025122349102773223,Slight or No change
41,PNB,EQ,2017-07-12,149.4,149.85,152.9,148.4,152.7,152.35,150.8,7270322,1096351388.2,43114,1219587,16.77,July,2017,0.019745649263721576,Slight or No change
42,PNB,EQ,2017-07-13,152.35,153.9,154.95,151.0,152.25,152.25,152.56,5383408,821293131.8,28742,706397,13.12,July,2017,-0.0006563833278634412,Slight or No change
43,PNB,EQ,2017-07-14,152.25,150.0,154.9,150.0,153.5,153.65,152.86,7808933,1193669215.65,40336,1174858,15.05,July,2017,0.009195402298850519,Slight or No change
44,PNB,EQ,2017-07-17,153.65,153.35,154.0,151.5,153.2,152.9,152.64,7437053,1135184931.35,25801,2580884,34.7,July,2017,-0.004881223560039061,Slight or No change
45,PNB,EQ,2017-07-18,152.9,152.9,158.95,151.9,155.8,154.85,156.41,12397695,1939177078.7,63499,2193026,17.69,July,2017,0.01275343361674297,Slight or No change
46,PNB,EQ,2017-07-19,154.85,156.6,158.85,155.65,158.5,158.3,157.11,6062912,952563276.1,30248,1226640,20.23,July,2017,0.0222796254439781,Slight or No change
47,PNB,EQ,2017-07-20,158.3,156.95,158.7,155.9,157.5,156.75,157.25,5441983,855750198.65,27241,765148,14.06,July,2017,-0.009791535060012735,Slight or No change
48,PNB,EQ,2017-07-21,156.75,158.0,159.7,155.95,158.3,158.25,158.11,6926819,1095198030.35,33064,1499002,21.64,July,2017,0.009569377990430672,Slight or No change
49,PNB,EQ,2017-07-24,158.25,158.5,163.4,158.0,161.5,161.3,161.32,8443748,1362127922.2,40919,1493556,17.69,July,2017,0.019273301737756876,Slight or No change
50,PNB,EQ,2017-07-25,161.3,162.25,164.3,161.35,162.9,162.95,162.79,6869914,1118345155.8,34026,1818693,26.47,July,2017,0.010229386236825677,Slight or No change
51,PNB,EQ,2017-07-26,162.95,162.5,163.7,158.1,158.55,158.9,161.25,8868577,1430080319.85,38957,2965878,33.44,July,2017,-0.024854249769867942,Slight or No change
52,PNB,EQ,2017-07-27,158.9,159.95,160.9,153.5,155.15,154.15,156.8,11133709,1745793992.2,46308,3068462,27.56,July,2017,-0.029893014474512314,Slight or No change
53,PNB,EQ,2017-07-28,154.15,154.0,159.45,153.0,159.2,158.85,157.18,7759390,1219593960.45,34575,1706445,21.99,July,2017,0.030489782679208544,Slight or No change
54,PNB,EQ,2017-07-31,158.85,154.9,163.4,154.35,162.7,162.3,160.44,13159766,2111394261.3,60702,3007727,22.86,July,2017,0.021718602455146563,Slight or No change
55,PNB,EQ,2017-08-01,162.3,163.8,164.2,157.0,157.3,157.5,158.88,11446128,1818579759.85,56178,2601717,22.73,August,2017,-0.02957486136783738,Slight or No change
56,PNB,EQ,2017-08-02,157.5,159.0,162.2,157.35,157.85,158.95,159.57,31565886,5036922632.5,128703,4175010,13.23,August,2017,0.009206349206349218,Slight or No change
57,PNB,EQ,2017-08-03,158.95,157.85,157.85,148.2,148.8,149.3,152.43,19702626,3003207924.9,95685,4736496,24.04,August,2017,-0.06071091538219553,Slight or No change
58,PNB,EQ,2017-08-04,149.3,149.05,152.35,147.9,151.25,151.05,150.75,12895805,1944011309.65,67955,3110595,24.12,August,2017,0.011721366376423292,Slight or No change
59,PNB,EQ,2017-08-07,151.05,151.3,153.0,151.05,152.0,152.1,152.13,5372108,817262134.05,32456,1165851,21.7,August,2017,0.006951340615690027,Slight or No change
60,PNB,EQ,2017-08-08,152.1,153.0,153.0,145.5,148.85,148.8,148.66,11529949,1714088808.3,40487,1924997,16.7,August,2017,-0.021696252465483123,Slight or No change
61,PNB,EQ,2017-08-09,148.8,148.5,150.3,146.5,147.75,148.3,148.69,7478797,1112015545.1,33269,621976,8.32,August,2017,-0.0033602150537634934,Slight or No change
62,PNB,EQ,2017-08-10,148.3,147.5,148.3,140.15,144.2,143.15,145.12,8506146,1234402066.6,37306,825204,9.7,August,2017,-0.03472690492245456,Slight or No change
63,PNB,EQ,2017-08-11,143.15,139.0,144.6,137.45,140.05,140.35,141.5,14050916,1988243139.0,69893,3081937,21.93,August,2017,-0.019559902200489088,Slight or No change
64,PNB,EQ,2017-08-14,140.35,141.5,143.8,140.35,143.35,143.2,142.22,5282514,751283516.3,30158,1107335,20.96,August,2017,0.020306376914855706,Slight or No change
65,PNB,EQ,2017-08-16,143.2,143.9,149.1,140.7,148.8,147.55,143.77,8003091,1150585706.4,39086,807207,10.09,August,2017,0.030377094972067198,Slight or No change
66,PNB,EQ,2017-08-17,147.55,148.1,150.1,145.5,146.35,146.3,147.76,8384523,1238916848.0,35949,1326789,15.82,August,2017,-0.008471704506946787,Slight or No change
67,PNB,EQ,2017-08-18,146.3,144.0,144.5,140.7,141.8,142.15,142.17,9195713,1307342821.9,50483,1441031,15.67,August,2017,-0.028366370471633706,Slight or No change
68,PNB,EQ,2017-08-21,142.15,143.0,143.9,136.8,137.6,137.6,140.59,9064019,1274294900.4,50025,2188902,24.15,August,2017,-0.03200844178684492,Slight or No change
69,PNB,EQ,2017-08-22,137.6,139.0,139.5,135.65,138.2,138.0,137.56,9256850,1273395512.6,53563,987686,10.67,August,2017,0.0029069767441860517,Slight or No change
70,PNB,EQ,2017-08-23,138.0,139.0,143.1,138.25,142.6,142.65,141.41,9488136,1341696842.05,59355,1438038,15.16,August,2017,0.033695652173913127,Slight or No change
71,PNB,EQ,2017-08-24,142.65,141.5,145.5,140.25,143.9,144.3,142.72,8742823,1247799862.05,46316,1451701,16.6,August,2017,0.0115667718191379,Slight or No change
72,PNB,EQ,2017-08-28,144.3,144.3,145.95,143.95,144.9,144.85,144.79,5356187,775547858.05,39925,1568571,29.29,August,2017,0.003811503811503636,Slight or No change
73,PNB,EQ,2017-08-29,144.85,143.25,145.4,140.25,141.0,141.0,142.97,6956667,994610565.7,54584,1965266,28.25,August,2017,-0.026579219882637117,Slight or No change
74,PNB,EQ,2017-08-30,141.0,142.25,143.35,141.3,143.05,142.5,142.43,4286281,610515829.9,18619,1301616,30.37,August,2017,0.010638297872340496,Slight or No change
75,PNB,EQ,2017-08-31,142.5,142.6,145.0,141.4,143.8,143.8,142.83,8964249,1280355814.3,34594,3323063,37.07,August,2017,0.009122807017543977,Slight or No change
76,PNB,EQ,2017-09-01,143.8,144.1,145.8,143.9,144.3,144.45,144.78,5319966,770221192.35,22288,930797,17.5,September,2017,0.004520166898470013,Slight or No change
77,PNB,EQ,2017-09-04,144.45,144.5,145.4,141.6,142.5,142.65,143.36,4522734,648361091.95,20150,346679,7.67,September,2017,-0.012461059190031043,Slight or No change
78,PNB,EQ,2017-09-05,142.65,143.3,143.9,142.4,143.55,143.6,143.38,3193574,457905020.4,14574,372378,11.66,September,2017,0.00665965650192768,Slight or No change
79,PNB,EQ,2017-09-06,143.6,142.25,142.6,138.35,138.7,139.0,139.87,12625243,1765901861.25,43368,5719430,45.3,September,2017,-0.03203342618384397,Slight or No change
80,PNB,EQ,2017-09-07,139.0,140.4,140.4,137.55,139.0,138.95,138.98,8834660,1227860778.85,37615,2411057,27.29,September,2017,-0.0003597122302159139,Slight or No change
81,PNB,EQ,2017-09-08,138.95,139.4,139.8,137.1,137.75,137.85,138.24,4807096,664550906.65,22975,686279,14.28,September,2017,-0.007916516732637602,Slight or No change
82,PNB,EQ,2017-09-11,137.85,138.9,139.5,137.75,138.3,138.15,138.6,3593970,498110788.35,19592,728489,20.27,September,2017,0.0021762785636563198,Slight or No change
83,PNB,EQ,2017-09-12,138.15,139.4,142.0,138.0,141.7,141.5,140.58,7355454,1034054076.65,44047,2264538,30.79,September,2017,0.024249004705030774,Slight or No change
84,PNB,EQ,2017-09-13,141.5,141.95,144.8,141.15,143.35,143.0,143.42,6517642,934782219.05,33534,1821470,27.95,September,2017,0.010600706713780994,Slight or No change
85,PNB,EQ,2017-09-14,143.0,143.0,145.8,143.0,145.35,145.25,144.77,6985935,1011374692.45,32205,2035250,29.13,September,2017,0.01573426573426584,Slight or No change
86,PNB,EQ,2017-09-15,145.25,144.2,146.4,143.6,144.05,144.65,144.71,5237646,757929785.4,23604,1317793,25.16,September,2017,-0.004130808950085996,Slight or No change
87,PNB,EQ,2017-09-18,144.65,146.0,147.3,144.5,144.7,144.75,145.75,4089953,596106280.95,25242,1412985,34.55,September,2017,0.0006913238852401804,Slight or No change
88,PNB,EQ,2017-09-19,144.75,145.5,145.5,141.9,143.8,143.9,143.57,3878878,556906222.85,22619,438332,11.3,September,2017,-0.005872193436960216,Slight or No change
89,PNB,EQ,2017-09-20,143.9,144.0,146.45,142.75,144.85,144.8,144.56,9509565,1374724265.7,31589,5119640,53.84,September,2017,0.006254343293954134,Slight or No change
90,PNB,EQ,2017-09-21,144.8,144.2,145.7,141.35,141.8,141.8,142.6,4955855,706717489.45,24068,1053354,21.25,September,2017,-0.02071823204419887,Slight or No change
91,PNB,EQ,2017-09-22,141.8,141.7,141.7,137.05,137.6,137.7,139.11,4339014,603615262.8,22869,918627,21.17,September,2017,-0.028913963328632053,Slight or No change
92,PNB,EQ,2017-09-25,137.7,137.5,138.5,133.35,137.6,137.65,135.95,5005117,680437122.15,24593,720903,14.4,September,2017,-0.0003631082062452995,Slight or No change
93,PNB,EQ,2017-09-26,137.65,137.5,138.25,135.5,136.35,136.65,136.89,4156603,569002187.0,24906,908520,21.86,September,2017,-0.007264802034144591,Slight or No change
94,PNB,EQ,2017-09-27,136.65,137.3,138.2,132.05,132.7,132.65,135.23,5049669,682851209.15,25195,1010710,20.02,September,2017,-0.029271862422246664,Slight or No change
95,PNB,EQ,2017-09-28,132.65,132.8,133.9,130.2,130.75,130.75,131.98,6456704,852152232.2,28453,1167092,18.08,September,2017,-0.014323407463249227,Slight or No change
96,PNB,EQ,2017-09-29,130.75,131.9,132.75,128.4,129.5,129.05,130.59,5696269,743878930.2,28838,1745159,30.64,September,2017,-0.013001912045888964,Slight or No change
97,PNB,EQ,2017-10-03,129.05,130.85,131.0,128.2,129.4,129.6,129.32,6869737,888372479.35,26257,2788540,40.59,October,2017,0.0042619139868267375,Slight or No change
98,PNB,EQ,2017-10-04,129.6,129.9,132.2,129.0,130.35,129.95,130.43,4823213,629089708.4,22348,728220,15.1,October,2017,0.002700617283950546,Slight or No change
99,PNB,EQ,2017-10-05,129.95,130.4,133.3,130.0,132.7,132.35,131.88,5435195,716800457.65,24369,1371152,25.23,October,2017,0.018468641785302164,Slight or No change
100,PNB,EQ,2017-10-06,132.35,133.0,137.9,132.95,137.3,137.05,135.37,7521348,1018163150.35,30974,2808888,37.35,October,2017,0.03551190026445039,Slight or No change
101,PNB,EQ,2017-10-09,137.05,137.0,137.85,135.15,137.2,137.3,136.67,4262474,582541535.1,17463,832841,19.54,October,2017,0.0018241517694272957,Slight or No change
102,PNB,EQ,2017-10-10,137.3,137.5,137.8,136.2,137.0,137.0,136.99,2373107,325099530.15,12433,413582,17.43,October,2017,-0.002184996358339464,Slight or No change
103,PNB,EQ,2017-10-11,137.0,138.0,138.8,130.8,131.0,131.7,134.49,5753051,773714431.6,28557,1589050,27.62,October,2017,-0.03868613138686139,Slight or No change
104,PNB,EQ,2017-10-12,131.7,132.0,134.3,129.95,133.7,133.8,132.13,5371109,709689630.3,24211,426446,7.94,October,2017,0.015945330296127658,Slight or No change
105,PNB,EQ,2017-10-13,133.8,133.8,136.75,132.4,135.0,135.0,135.08,5481433,740413015.65,27510,567323,10.35,October,2017,0.008968609865470656,Slight or No change
106,PNB,EQ,2017-10-16,135.0,135.45,136.35,132.0,134.2,133.85,133.95,4427314,593027108.85,20451,413209,9.33,October,2017,-0.008518518518518592,Slight or No change
107,PNB,EQ,2017-10-17,133.85,133.8,136.8,133.35,134.45,134.4,134.94,4220328,569495838.5,18787,410807,9.73,October,2017,0.004109077325364252,Slight or No change
108,PNB,EQ,2017-10-18,134.4,133.1,133.85,130.4,131.25,130.9,132.06,6126357,809057945.7,28499,1700486,27.76,October,2017,-0.02604166666666663,Slight or No change
109,PNB,EQ,2017-10-19,130.9,131.0,131.5,128.8,129.3,129.55,130.0,1148287,149282881.15,6684,490653,42.73,October,2017,-0.01031321619556913,Slight or No change
110,PNB,EQ,2017-10-23,129.55,129.6,131.9,129.0,131.35,131.0,130.3,4381410,570896084.4,21648,799135,18.24,October,2017,0.011192589733693525,Slight or No change
111,PNB,EQ,2017-10-24,131.0,131.5,141.7,131.0,137.6,138.2,137.72,13692564,1885737337.6,63629,2547558,18.61,October,2017,0.05496183206106853,Slight or No change
112,PNB,EQ,2017-10-25,138.2,152.0,206.55,152.0,205.75,202.05,188.41,166547247,31378580984.2,539330,51280258,30.79,October,2017,0.46201157742402343,Slight or No change
113,PNB,EQ,2017-10-26,202.05,212.0,231.45,201.1,218.0,213.6,213.21,124669249,26580974703.1,530017,10942333,8.78,October,2017,0.05716406829992571,Slight or No change
114,PNB,EQ,2017-10-27,213.6,214.0,214.0,195.25,197.3,196.65,202.24,39213574,7930594969.45,185993,4697019,11.98,October,2017,-0.0793539325842696,Slight or No change
115,PNB,EQ,2017-10-30,196.65,196.8,213.0,194.75,203.2,203.95,205.59,46136900,9485506632.9,219912,5565348,12.06,October,2017,0.037121789982201836,Slight or No change
116,PNB,EQ,2017-10-31,203.95,203.95,206.9,196.6,197.5,197.15,200.08,27023668,5406962052.1,131164,3693136,13.67,October,2017,-0.03334150527089963,Slight or No change
117,PNB,EQ,2017-11-01,197.15,202.0,206.3,198.25,199.05,198.9,201.6,28141909,5673452286.8,141284,7550245,26.83,November,2017,0.008876489982247104,Slight or No change
118,PNB,EQ,2017-11-02,198.9,199.05,203.5,196.05,197.55,197.45,199.16,20686765,4119909147.7,96785,4089733,19.77,November,2017,-0.007290095525389728,Slight or No change
119,PNB,EQ,2017-11-03,197.45,199.25,212.0,199.1,207.3,207.8,205.11,96398855,19772829282.25,415429,8992220,9.33,November,2017,0.052418333755381186,Slight or No change
120,PNB,EQ,2017-11-06,207.8,206.8,207.6,199.7,201.9,201.2,203.97,21545767,4394627840.0,104792,4790795,22.24,November,2017,-0.031761308950914446,Slight or No change
121,PNB,EQ,2017-11-07,201.2,204.8,204.8,188.65,191.25,190.8,194.91,27782722,5415228847.9,142432,4790672,17.24,November,2017,-0.05168986083498994,Slight or No change
122,PNB,EQ,2017-11-08,190.8,192.85,194.85,186.05,191.4,189.05,190.51,22869578,4356887977.6,105533,3066176,13.41,November,2017,-0.009171907756813424,Slight or No change
123,PNB,EQ,2017-11-09,189.05,191.4,196.55,190.5,192.75,192.3,192.73,21212153,4088151897.4,96368,3453410,16.28,November,2017,0.01719121925416567,Slight or No change
124,PNB,EQ,2017-11-10,192.3,190.0,196.0,187.0,190.0,190.1,191.64,26367774,5053183086.9,130755,4053656,15.37,November,2017,-0.011440457618304811,Slight or No change
125,PNB,EQ,2017-11-13,190.1,192.0,192.45,186.5,187.0,187.65,189.93,13730302,2607821504.25,67646,2630797,19.16,November,2017,-0.012887953708574429,Slight or No change
126,PNB,EQ,2017-11-14,187.65,188.3,189.95,183.2,184.4,184.05,186.33,14459551,2694318620.75,64349,2799331,19.36,November,2017,-0.01918465227817745,Slight or No change
127,PNB,EQ,2017-11-15,184.05,184.9,187.1,179.15,181.5,180.7,183.15,15478328,2834816724.5,69248,2387616,15.43,November,2017,-0.01820157565878855,Slight or No change
128,PNB,EQ,2017-11-16,180.7,182.4,191.05,180.1,190.1,189.6,186.37,22146185,4127406056.7,104752,3194215,14.42,November,2017,0.0492529053680133,Slight or No change
129,PNB,EQ,2017-11-17,189.6,198.0,200.9,189.8,190.7,190.8,195.21,28196846,5504318926.3,119814,4254216,15.09,November,2017,0.006329113924050667,Slight or No change
130,PNB,EQ,2017-11-20,190.8,190.7,190.7,186.5,186.85,187.25,188.22,13291834,2501852585.1,51217,3138947,23.62,November,2017,-0.018605870020964366,Slight or No change
131,PNB,EQ,2017-11-21,187.25,188.95,191.7,185.3,186.0,186.3,188.39,13806005,2600897755.55,56938,1994964,14.45,November,2017,-0.0050734312416554905,Slight or No change
132,PNB,EQ,2017-11-22,186.3,187.0,192.95,183.5,188.8,189.2,188.68,23941016,4517211162.05,117836,3075572,12.85,November,2017,0.015566290928609616,Slight or No change
133,PNB,EQ,2017-11-23,189.2,189.3,189.6,184.95,186.5,186.5,187.06,14256077,2666704700.15,60880,2069311,14.52,November,2017,-0.014270613107822405,Slight or No change
134,PNB,EQ,2017-11-24,186.5,187.0,189.2,185.05,185.95,186.1,187.07,11782239,2204079809.9,47651,2330427,19.78,November,2017,-0.00214477211796249,Slight or No change
135,PNB,EQ,2017-11-27,186.1,184.95,186.65,182.85,185.2,185.85,184.91,10556535,1952047692.5,41208,1892143,17.92,November,2017,-0.0013433637829124434,Slight or No change
136,PNB,EQ,2017-11-28,185.85,186.7,187.85,182.8,183.0,183.7,185.79,13720114,2549118691.2,51303,2012049,14.66,November,2017,-0.01156846919558785,Slight or No change
137,PNB,EQ,2017-11-29,183.7,184.1,184.7,180.5,181.35,181.6,182.85,9800911,1792107393.6,37943,2087025,21.29,November,2017,-0.011431682090364714,Slight or No change
138,PNB,EQ,2017-11-30,181.6,180.9,180.9,175.35,176.85,176.1,177.99,17254860,3071193397.65,58439,4421454,25.62,November,2017,-0.030286343612334843,Slight or No change
139,PNB,EQ,2017-12-01,176.1,177.1,178.0,170.1,170.3,171.5,175.02,13167162,2304467391.6,56914,2011155,15.27,December,2017,-0.0261215218625781,Slight or No change
140,PNB,EQ,2017-12-04,171.5,171.9,174.35,169.5,174.35,173.2,171.89,12795662,2199478122.35,51153,1574344,12.3,December,2017,0.009912536443148712,Slight or No change
141,PNB,EQ,2017-12-05,173.2,172.4,177.8,170.65,176.15,175.95,174.25,17498518,3049113011.2,72040,2606801,14.9,December,2017,0.015877598152424843,Slight or No change
142,PNB,EQ,2017-12-06,175.95,175.4,175.8,170.95,171.4,172.1,173.76,12381441,2151458031.25,62519,1849411,14.94,December,2017,-0.021881216254617808,Slight or No change
143,PNB,EQ,2017-12-07,172.1,172.1,175.8,172.05,173.75,173.9,174.13,11340699,1974770839.05,43984,1886537,16.64,December,2017,0.010459035444509102,Slight or No change
144,PNB,EQ,2017-12-08,173.9,174.35,175.3,172.0,172.5,172.7,173.28,8766071,1518963726.25,32946,1064991,12.15,December,2017,-0.006900517538815487,Slight or No change
145,PNB,EQ,2017-12-11,172.7,174.05,175.3,171.85,172.45,172.95,173.65,7926307,1376388514.1,30049,1158751,14.62,December,2017,0.001447596988998212,Slight or No change
146,PNB,EQ,2017-12-12,172.95,172.9,176.25,170.3,173.25,173.7,173.88,16854655,2930762143.6,54422,3208099,19.03,December,2017,0.004336513443191636,Slight or No change
147,PNB,EQ,2017-12-13,173.7,173.0,173.7,166.45,167.55,167.8,170.5,11545396,1968443896.0,41534,1354898,11.74,December,2017,-0.033966609096142686,Slight or No change
148,PNB,EQ,2017-12-14,167.8,169.0,170.65,166.15,169.4,169.6,168.43,12678906,2135480360.85,49678,1252261,9.88,December,2017,0.010727056019070202,Slight or No change
149,PNB,EQ,2017-12-15,169.6,172.1,173.95,170.75,171.9,171.6,172.06,8768732,1508723208.5,40774,1504714,17.16,December,2017,0.011792452830188704,Slight or No change
150,PNB,EQ,2017-12-18,171.6,168.0,180.6,161.85,179.9,178.75,175.67,27671940,4861255268.85,108770,3367532,12.17,December,2017,0.04166666666666674,Slight or No change
151,PNB,EQ,2017-12-19,178.75,180.85,181.0,176.35,178.65,178.75,178.87,13603472,2433234854.0,60439,2263855,16.64,December,2017,0.0,Slight or No change
152,PNB,EQ,2017-12-20,178.75,171.9,172.8,169.4,170.55,170.5,170.92,63640511,10877210731.85,182756,33358997,52.42,December,2017,-0.0461538461538461,Slight or No change
153,PNB,EQ,2017-12-21,170.5,171.0,174.9,170.5,173.15,173.5,172.95,18059283,3123435646.35,74660,6087753,33.71,December,2017,0.017595307917888547,Slight or No change
154,PNB,EQ,2017-12-22,173.5,173.9,177.15,172.15,175.7,175.95,175.19,22577624,3955459550.95,70337,5996166,26.56,December,2017,0.01412103746397686,Slight or No change
155,PNB,EQ,2017-12-26,175.95,175.9,175.9,172.55,174.2,174.3,174.13,9993708,1740158641.15,44496,2567892,25.7,December,2017,-0.009377664109121775,Slight or No change
156,PNB,EQ,2017-12-27,174.3,174.2,177.7,172.7,173.0,174.1,175.22,14740959,2582954206.45,55758,4521155,30.67,December,2017,-0.0011474469305795543,Slight or No change
157,PNB,EQ,2017-12-28,174.1,173.25,174.5,170.0,170.25,170.8,171.37,18945479,3246686025.5,53890,8648072,45.65,December,2017,-0.01895462377943702,Slight or No change
158,PNB,EQ,2017-12-29,170.8,171.8,173.65,170.65,171.55,171.4,172.0,9789074,1683721287.0,46985,2654665,27.12,December,2017,0.003512880562060783,Slight or No change
159,PNB,EQ,2018-01-01,171.4,172.95,173.4,168.9,169.7,169.75,171.31,7869149,1348032197.0,35893,1423821,18.09,January,2018,-0.009626604434072372,Slight or No change
160,PNB,EQ,2018-01-02,169.75,170.5,170.9,165.4,166.15,166.4,167.26,13729132,2296383278.05,54266,3567217,25.98,January,2018,-0.019734904270986675,Slight or No change
161,PNB,EQ,2018-01-03,166.4,168.0,169.3,166.2,166.5,166.6,167.66,8534233,1430884733.85,36317,1413490,16.56,January,2018,0.0012019230769229061,Slight or No change
162,PNB,EQ,2018-01-04,166.6,167.35,179.7,165.4,178.0,176.45,172.88,31613344,5465302501.7,121680,9106491,28.81,January,2018,0.05912364945978399,Slight or No change
163,PNB,EQ,2018-01-05,176.45,180.4,180.5,175.4,176.05,176.0,177.47,15500426,2750899295.7,64260,2886355,18.62,January,2018,-0.0025502975347123646,Slight or No change
164,PNB,EQ,2018-01-08,176.0,177.05,178.15,175.1,175.65,175.7,176.41,7302294,1288170169.05,37673,2078930,28.47,January,2018,-0.0017045454545455696,Slight or No change
165,PNB,EQ,2018-01-09,175.7,175.3,177.9,174.05,174.55,174.65,176.09,11152776,1963904063.4,42093,1919693,17.21,January,2018,-0.005976095617529764,Slight or No change
166,PNB,EQ,2018-01-10,174.65,174.45,174.9,170.0,170.1,170.65,171.9,9021131,1550728455.35,44835,2239225,24.82,January,2018,-0.022902948754652153,Slight or No change
167,PNB,EQ,2018-01-11,170.65,170.3,173.6,169.55,173.3,172.75,171.84,8683986,1492224624.4,35136,2854421,32.87,January,2018,0.012305889246996715,Slight or No change
168,PNB,EQ,2018-01-12,172.75,173.5,174.9,171.45,174.5,174.2,173.3,11223630,1945015985.05,48951,3181557,28.35,January,2018,0.008393632416787256,Slight or No change
169,PNB,EQ,2018-01-15,174.2,174.95,175.85,171.85,172.05,172.15,173.69,7104648,1234018255.55,31984,1377316,19.39,January,2018,-0.011768082663604962,Slight or No change
170,PNB,EQ,2018-01-16,172.15,172.25,172.95,165.1,165.7,165.55,168.39,11916843,2006678919.5,52318,4407267,36.98,January,2018,-0.0383386581469648,Slight or No change
171,PNB,EQ,2018-01-17,165.55,165.5,177.0,162.65,176.5,175.55,170.24,25299752,4307074228.3,112693,6443514,25.47,January,2018,0.060404711567502156,Slight or No change
172,PNB,EQ,2018-01-18,175.55,180.7,182.75,168.65,170.35,170.5,176.38,32923946,5807099731.4,122684,9442984,28.68,January,2018,-0.028766733124465982,Slight or No change
173,PNB,EQ,2018-01-19,170.5,170.8,178.0,169.35,176.9,176.4,174.6,21519974,3757406127.6,82002,2831150,13.16,January,2018,0.034604105571847565,Slight or No change
174,PNB,EQ,2018-01-22,176.4,176.1,177.3,172.2,176.2,176.0,174.99,11370450,1989668155.05,53117,1499109,13.18,January,2018,-0.0022675736961451642,Slight or No change
175,PNB,EQ,2018-01-23,176.0,176.05,187.8,175.25,186.0,185.8,182.22,28176767,5134408465.9,126351,7040900,24.99,January,2018,0.055681818181818166,Slight or No change
176,PNB,EQ,2018-01-24,185.8,185.25,196.35,182.1,195.45,194.65,189.78,50753260,9631897382.05,202903,7838343,15.44,January,2018,0.04763186221743809,Slight or No change
177,PNB,EQ,2018-01-25,194.65,197.0,197.0,180.0,181.4,180.9,184.93,45808402,8471233858.3,168212,10313389,22.51,January,2018,-0.07063960955561266,Slight or No change
178,PNB,EQ,2018-01-29,180.9,181.7,182.35,172.6,173.0,173.95,176.95,18481283,3270351905.05,82440,3354700,18.15,January,2018,-0.03841901603095643,Slight or No change
179,PNB,EQ,2018-01-30,173.95,173.3,175.9,171.4,172.25,172.65,173.47,16914910,2934151011.85,78294,1998243,11.81,January,2018,-0.007473411899971194,Slight or No change
180,PNB,EQ,2018-01-31,172.65,171.5,175.2,168.8,170.9,171.35,171.88,15313331,2632087998.5,76747,2136398,13.95,January,2018,-0.007529684332464592,Slight or No change
181,PNB,EQ,2018-02-01,171.35,172.8,174.6,166.0,167.2,167.55,170.02,15801115,2686546719.85,74929,4161682,26.34,February,2018,-0.022176831047563406,Slight or No change
182,PNB,EQ,2018-02-02,167.55,165.0,168.7,160.5,161.15,161.85,164.21,17622089,2893756743.25,85551,2400486,13.62,February,2018,-0.03401969561324991,Slight or No change
183,PNB,EQ,2018-02-05,161.85,158.0,166.2,156.9,165.65,163.7,162.22,20688955,3356103403.35,88499,3269743,15.8,February,2018,0.01143033673154159,Slight or No change
184,PNB,EQ,2018-02-06,163.7,151.25,164.7,151.25,161.75,161.05,158.28,27530912,4357606883.45,117860,4436913,16.12,February,2018,-0.016188149053145806,Slight or No change
185,PNB,EQ,2018-02-07,161.05,163.95,164.9,155.6,156.0,156.55,158.77,22887593,3633758189.75,103251,5142271,22.47,February,2018,-0.027941633033219504,Slight or No change
186,PNB,EQ,2018-02-08,156.55,157.0,161.5,156.6,159.3,159.35,159.2,16358889,2604349044.3,63972,1784870,10.91,February,2018,0.017885659533695142,Slight or No change
187,PNB,EQ,2018-02-09,159.35,156.0,158.0,155.3,156.9,156.8,156.68,9608396,1505453377.05,47395,1547723,16.11,February,2018,-0.016002510197677955,Slight or No change
188,PNB,EQ,2018-02-12,156.8,157.05,163.95,156.5,161.65,161.65,161.33,15391679,2483130193.5,68171,2437712,15.84,February,2018,0.030931122448979664,Slight or No change
189,PNB,EQ,2018-02-14,161.65,158.95,158.95,144.65,144.85,145.85,150.09,68396778,10265480651.2,315536,13406936,19.6,February,2018,-0.09774203526136727,Slight or No change
190,PNB,EQ,2018-02-15,145.85,137.6,139.7,125.25,127.05,128.25,133.68,177112217,23677110120.6,626019,27841783,15.72,February,2018,-0.12067192320877607,Slight or No change
191,PNB,EQ,2018-02-16,128.25,125.6,128.4,120.55,126.1,125.55,124.06,156691203,19439883927.5,511094,9467950,6.04,February,2018,-0.021052631578947434,Slight or No change
192,PNB,EQ,2018-02-19,125.55,122.0,123.5,113.55,115.1,116.5,117.83,130898125,15424098084.05,418683,13365682,10.21,February,2018,-0.07208283552369577,Slight or No change
193,PNB,EQ,2018-02-20,116.5,113.9,118.45,111.0,117.05,116.55,114.45,146638863,16782659492.4,431522,9478929,6.46,February,2018,0.00042918454935625405,Slight or No change
194,PNB,EQ,2018-02-21,116.55,118.15,119.5,115.55,116.85,117.3,117.04,67541786,7905306571.85,210984,3540111,5.24,February,2018,0.006435006435006496,Slight or No change
195,PNB,EQ,2018-02-22,117.3,114.6,116.8,113.7,114.05,114.6,115.42,45302555,5228609747.7,126277,7027850,15.51,February,2018,-0.023017902813299296,Slight or No change
196,PNB,EQ,2018-02-23,114.6,114.4,116.95,112.3,113.5,113.45,114.54,45035931,5158582677.45,152663,5295387,11.76,February,2018,-0.010034904013961565,Slight or No change
197,PNB,EQ,2018-02-26,113.45,115.0,115.0,110.15,111.9,112.0,112.49,42608524,4793114218.8,141319,7574532,17.78,February,2018,-0.012780960775672146,Slight or No change
198,PNB,EQ,2018-02-27,112.0,106.8,106.8,96.05,97.55,98.35,100.48,202069429,20303938484.05,534476,33795117,16.72,February,2018,-0.12187500000000007,Slight or No change
199,PNB,EQ,2018-02-28,98.35,93.6,102.4,92.0,101.4,101.4,97.03,210781693,20451980887.4,517399,13508390,6.41,February,2018,0.031011692933401225,Slight or No change
200,PNB,EQ,2018-03-01,101.4,100.7,103.75,98.8,100.8,101.05,101.45,122105493,12387413736.95,343292,6325364,5.18,March,2018,-0.0034516765285996787,Slight or No change
201,PNB,EQ,2018-03-05,101.05,99.9,102.4,98.8,99.1,100.1,100.54,59237515,5955997776.8,181694,8341803,14.08,March,2018,-0.009401286491835803,Slight or No change
202,PNB,EQ,2018-03-06,100.1,101.0,102.0,96.8,96.95,97.85,99.86,43475662,4341282007.6,132969,3243523,7.46,March,2018,-0.022477522477522438,Slight or No change
203,PNB,EQ,2018-03-07,97.85,96.0,96.9,94.05,95.1,95.5,95.48,52573179,5019751898.45,147265,6595180,12.54,March,2018,-0.024016351558507898,Slight or No change
204,PNB,EQ,2018-03-08,95.5,96.15,97.45,94.3,96.5,96.65,95.85,34680221,3324263839.4,99274,2448666,7.06,March,2018,0.012041884816754056,Slight or No change
205,PNB,EQ,2018-03-09,96.65,97.4,97.65,95.0,95.1,95.6,96.22,30239013,2909548291.0,85408,2739254,9.06,March,2018,-0.010863942058975784,Slight or No change
206,PNB,EQ,2018-03-12,95.6,96.2,96.3,91.25,94.8,94.6,93.58,45021305,4212994197.25,112787,3103755,6.89,March,2018,-0.010460251046025104,Slight or No change
207,PNB,EQ,2018-03-13,94.6,94.2,102.65,93.3,97.25,97.95,98.92,86099105,8517294455.15,247145,5615322,6.52,March,2018,0.035412262156448326,Slight or No change
208,PNB,EQ,2018-03-14,97.95,94.0,100.35,93.3,99.9,99.3,96.39,83449240,8043809987.8,228015,6521235,7.81,March,2018,0.013782542113323082,Slight or No change
209,PNB,EQ,2018-03-15,99.3,99.3,101.0,97.8,97.95,98.55,99.27,42911688,4259848703.4,123064,3551889,8.28,March,2018,-0.007552870090634434,Slight or No change
210,PNB,EQ,2018-03-16,98.55,98.4,102.25,97.6,98.7,98.85,100.1,55339873,5539541308.5,170623,4664498,8.43,March,2018,0.003044140030441289,Slight or No change
211,PNB,EQ,2018-03-19,98.85,98.55,100.45,96.1,96.15,96.55,97.78,33530881,3278735408.05,95053,3528263,10.52,March,2018,-0.02326757713707639,Slight or No change
212,PNB,EQ,2018-03-20,96.55,96.0,97.5,95.25,96.95,96.85,96.47,27906714,2692059210.7,78366,3186708,11.42,March,2018,0.0031071983428274663,Slight or No change
213,PNB,EQ,2018-03-21,96.85,97.55,99.15,97.15,97.45,97.6,98.16,23276651,2284734165.15,60523,3200984,13.75,March,2018,0.0077439339184306455,Slight or No change
214,PNB,EQ,2018-03-22,97.6,97.65,98.15,95.7,95.8,96.55,96.86,16401398,1588634862.85,41827,1822531,11.11,March,2018,-0.010758196721311397,Slight or No change
215,PNB,EQ,2018-03-23,96.55,94.45,95.1,92.75,92.95,93.15,93.6,23075193,2159804695.8,66540,3274377,14.19,March,2018,-0.035214914552045506,Slight or No change
216,PNB,EQ,2018-03-26,93.15,93.4,96.45,93.05,95.85,95.8,94.73,26795299,2538436730.7,72964,5361408,20.01,March,2018,0.028448738593666034,Slight or No change
217,PNB,EQ,2018-03-27,95.8,97.2,100.0,96.3,99.15,99.45,98.34,29403384,2891661214.7,88797,4166540,14.17,March,2018,0.03810020876826736,Slight or No change
218,PNB,EQ,2018-03-28,99.45,97.95,99.15,94.55,94.95,95.3,96.94,30109801,2918966714.7,75961,6654476,22.1,March,2018,-0.041729512317747686,Slight or No change
219,PNB,EQ,2018-04-02,95.3,96.3,96.85,95.4,96.4,96.3,96.13,13543335,1301912749.2,40903,1371072,10.12,April,2018,0.01049317943336825,Slight or No change
220,PNB,EQ,2018-04-03,96.3,97.55,98.9,94.65,95.5,95.45,96.33,25344799,2441461327.35,78143,5110809,20.17,April,2018,-0.008826583592938642,Slight or No change
221,PNB,EQ,2018-04-04,95.45,96.0,97.0,94.2,94.4,94.4,95.59,21491684,2054421565.0,53607,2990799,13.92,April,2018,-0.011000523834468257,Slight or No change
222,PNB,EQ,2018-04-05,94.4,95.9,98.1,95.15,97.35,97.0,96.28,25894057,2493207369.6,69489,7622228,29.44,April,2018,0.02754237288135597,Slight or No change
223,PNB,EQ,2018-04-06,97.0,97.15,102.85,95.85,102.1,102.15,100.04,47882204,4790187362.0,145050,6623983,13.83,April,2018,0.05309278350515467,Slight or No change
224,PNB,EQ,2018-04-09,102.15,103.9,105.55,101.3,105.1,105.25,103.96,50232626,5222017264.0,154857,5490774,10.93,April,2018,0.03034752814488484,Slight or No change
225,PNB,EQ,2018-04-10,105.25,106.75,106.75,104.25,104.95,105.2,105.44,29470636,3107382509.3,88699,3835666,13.02,April,2018,-0.00047505938242276,Slight or No change
226,PNB,EQ,2018-04-11,105.2,103.5,104.15,101.3,102.05,102.2,102.42,24512955,2510617006.1,73932,3371866,13.76,April,2018,-0.028517110266159662,Slight or No change
227,PNB,EQ,2018-04-12,102.2,102.25,102.9,100.2,101.1,101.25,101.65,20289152,2062334779.75,54294,1650191,8.13,April,2018,-0.009295499021526488,Slight or No change
228,PNB,EQ,2018-04-13,101.25,101.5,103.0,100.8,101.0,101.3,101.91,15646434,1594452450.4,48635,1648080,10.53,April,2018,0.0004938271604937317,Slight or No change
229,PNB,EQ,2018-04-16,101.3,100.75,101.75,98.45,99.1,99.15,99.7,18763829,1870677909.95,57653,2408219,12.83,April,2018,-0.021224086870681114,Slight or No change
230,PNB,EQ,2018-04-17,99.15,99.8,100.35,97.6,98.05,97.95,98.91,17990215,1779483479.95,53721,2704330,15.03,April,2018,-0.012102874432677768,Slight or No change
231,PNB,EQ,2018-04-18,97.95,98.05,99.0,97.0,97.15,97.15,97.84,19430044,1901023115.4,57542,2188104,11.26,April,2018,-0.008167432363450744,Slight or No change
232,PNB,EQ,2018-04-19,97.15,97.85,97.85,95.8,96.1,96.1,96.65,15064019,1455924818.7,40293,3497301,23.22,April,2018,-0.010808028821410298,Slight or No change
233,PNB,EQ,2018-04-20,96.1,95.2,95.5,92.8,93.9,93.6,93.65,21889815,2050012600.4,75741,5100816,23.3,April,2018,-0.026014568158168605,Slight or No change
234,PNB,EQ,2018-04-23,93.6,93.9,95.4,93.25,94.05,94.1,94.24,15414423,1452707301.6,49180,2092646,13.58,April,2018,0.005341880341880323,Slight or No change
235,PNB,EQ,2018-04-24,94.1,94.4,94.65,92.9,93.1,93.15,93.6,11744430,1099227976.55,35948,2167202,18.45,April,2018,-0.010095642933049875,Slight or No change
236,PNB,EQ,2018-04-25,93.15,93.1,93.8,92.0,92.2,92.3,92.85,12918338,1199501312.25,40828,2169641,16.8,April,2018,-0.00912506709608163,Slight or No change
237,PNB,EQ,2018-04-26,92.3,92.35,92.6,90.5,90.7,91.0,91.59,18724350,1714903655.05,54254,4694796,25.07,April,2018,-0.014084507042253502,Slight or No change
238,PNB,EQ,2018-04-27,91.0,91.25,94.6,91.1,93.1,93.4,93.36,25205308,2353282883.25,69784,4116519,16.33,April,2018,0.026373626373626502,Slight or No change
239,PNB,EQ,2018-04-30,93.4,94.4,95.7,93.35,95.5,95.4,94.83,13703163,1299505687.95,80229,2787647,20.34,April,2018,0.021413276231263323,Slight or No change
240,PNB,EQ,2018-05-02,95.4,95.9,96.0,92.55,92.85,92.8,93.71,10845584,1016368244.6,43589,2810667,25.92,May,2018,-0.027253668763102867,Slight or No change
241,PNB,EQ,2018-05-03,92.8,93.0,93.6,91.8,91.9,92.05,92.32,11643684,1075003096.35,37548,1824705,15.67,May,2018,-0.008081896551724088,Slight or No change
242,PNB,EQ,2018-05-04,92.05,92.75,93.15,91.1,91.6,91.55,91.97,11462253,1054176204.7,35752,1771204,15.45,May,2018,-0.00543183052688756,Slight or No change
243,PNB,EQ,2018-05-07,91.55,92.5,94.65,92.1,93.8,93.8,93.71,13839790,1296923101.4,45001,2448721,17.69,May,2018,0.024576734025122837,Slight or No change
244,PNB,EQ,2018-05-08,93.8,94.2,95.65,92.35,92.75,92.65,93.66,18546850,1737069742.8,52791,2049577,11.05,May,2018,-0.012260127931769671,Slight or No change
245,PNB,EQ,2018-05-09,92.65,93.2,93.5,92.7,93.0,93.0,93.06,6730710,626390012.35,23820,776191,11.53,May,2018,0.0037776578521315773,Slight or No change
246,PNB,EQ,2018-05-10,93.0,93.1,93.65,91.05,91.25,91.4,92.13,11303169,1041359271.95,34228,2304406,20.39,May,2018,-0.017204301075268713,Slight or No change
247,PNB,EQ,2018-05-11,91.4,91.85,91.9,87.2,88.8,88.8,89.0,19914360,1772426225.6,62413,3832150,19.24,May,2018,-0.02844638949671785,Slight or No change
248,PNB,EQ,2018-05-14,88.8,89.0,90.85,88.0,89.35,89.3,89.47,15634508,1398743210.85,52658,1947679,12.46,May,2018,0.005630630630630629,Slight or No change
249,PNB,EQ,2018-05-15,89.3,89.0,91.5,83.55,83.85,85.95,88.34,29556673,2611006099.4,85195,5147925,17.42,May,2018,-0.03751399776035824,Slight or No change
250,PNB,EQ,2018-05-16,85.95,79.15,80.0,74.15,75.7,75.6,76.29,98523673,7516485018.65,263304,15850082,16.09,May,2018,-0.12041884816753934,Slight or No change
251,PNB,EQ,2018-05-17,75.6,76.0,77.0,74.4,76.55,76.45,75.68,37034469,2802760650.25,98073,3706849,10.01,May,2018,0.011243386243386277,Slight or No change
252,PNB,EQ,2018-05-18,76.45,76.4,77.0,74.5,74.8,74.75,75.85,25068232,1901462487.35,64160,4018604,16.03,May,2018,-0.022236756049705764,Slight or No change
253,PNB,EQ,2018-05-21,74.75,76.0,78.7,75.3,77.9,78.15,76.98,29693002,2285681917.1,75887,3944452,13.28,May,2018,0.04548494983277607,Slight or No change
254,PNB,EQ,2018-05-22,78.15,78.05,83.55,76.6,81.05,81.55,80.76,47285396,3818887455.3,118637,4347989,9.2,May,2018,0.04350607805502227,Slight or No change
255,PNB,EQ,2018-05-23,81.55,81.4,83.5,79.7,80.75,80.55,81.91,29450321,2412215885.15,76144,2697822,9.16,May,2018,-0.012262415695892037,Slight or No change
256,PNB,EQ,2018-05-24,80.55,80.7,82.5,80.05,82.35,82.1,81.42,19933989,1622967272.75,48522,2064728,10.36,May,2018,0.019242706393544307,Slight or No change
257,PNB,EQ,2018-05-25,82.1,81.95,84.55,81.3,83.6,83.35,83.11,19102160,1587532024.05,52027,2807418,14.7,May,2018,0.015225334957368997,Slight or No change
258,PNB,EQ,2018-05-28,83.35,83.7,89.6,83.6,88.4,88.7,87.43,34946952,3055492624.75,96971,4422380,12.65,May,2018,0.06418716256748658,Slight or No change
259,PNB,EQ,2018-05-29,88.7,88.5,89.2,85.25,85.45,85.65,87.19,27758350,2420205425.3,90847,6309512,22.73,May,2018,-0.0343855693348365,Slight or No change
260,PNB,EQ,2018-05-30,85.65,84.6,87.0,84.3,86.05,86.1,85.84,18814541,1615104965.9,52657,2500535,13.29,May,2018,0.005253940455341333,Slight or No change
261,PNB,EQ,2018-05-31,86.1,86.65,87.0,83.25,83.9,83.65,84.78,17359606,1471828999.15,51006,3270262,18.84,May,2018,-0.028455284552845406,Slight or No change
262,PNB,EQ,2018-06-01,83.65,84.0,84.85,82.05,83.2,82.95,83.31,20636225,1719197830.75,58753,2091487,10.14,June,2018,-0.008368200836820106,Slight or No change
263,PNB,EQ,2018-06-04,82.95,83.6,85.0,82.2,83.6,83.2,83.66,15456025,1293038063.95,43413,1620882,10.49,June,2018,0.003013863773357439,Slight or No change
264,PNB,EQ,2018-06-05,83.2,83.2,83.8,81.05,82.65,82.65,82.4,14615089,1204351434.15,43049,1320337,9.03,June,2018,-0.006610576923076872,Slight or No change
265,PNB,EQ,2018-06-06,82.65,82.75,85.5,82.3,84.5,84.7,84.23,18167507,1530232914.9,52345,2337017,12.86,June,2018,0.024803387779794184,Slight or No change
266,PNB,EQ,2018-06-07,84.7,85.1,86.85,84.35,86.05,86.1,85.71,17624425,1510677289.4,49146,2148594,12.19,June,2018,0.016528925619834656,Slight or No change
267,PNB,EQ,2018-06-08,86.1,86.0,91.2,85.4,90.3,90.45,89.14,39225458,3496500616.9,107440,5012234,12.78,June,2018,0.05052264808362383,Slight or No change
268,PNB,EQ,2018-06-11,90.45,92.0,94.7,91.1,91.4,91.6,92.94,37150478,3452764975.25,110986,4395088,11.83,June,2018,0.012714206744057321,Slight or No change
269,PNB,EQ,2018-06-12,91.6,91.4,92.7,90.65,91.85,91.75,91.73,21847334,2004157630.7,56820,1927454,8.82,June,2018,0.0016375545851528006,Slight or No change
270,PNB,EQ,2018-06-13,91.75,92.15,93.2,90.9,91.25,91.3,92.12,19488548,1795212683.9,54465,2026382,10.4,June,2018,-0.004904632152588628,Slight or No change
271,PNB,EQ,2018-06-14,91.3,91.0,92.3,89.3,92.25,91.7,90.65,19136052,1734705051.45,56484,1819620,9.51,June,2018,0.004381161007667167,Slight or No change
272,PNB,EQ,2018-06-15,91.7,92.1,93.15,89.6,89.75,89.85,91.17,21610044,1970181188.9,63617,2523419,11.68,June,2018,-0.02017448200654315,Slight or No change
273,PNB,EQ,2018-06-18,89.85,89.5,90.65,88.2,88.3,88.5,88.95,12204751,1085653669.0,36059,1344134,11.01,June,2018,-0.015025041736226985,Slight or No change
274,PNB,EQ,2018-06-19,88.5,88.3,89.65,86.45,86.75,86.8,87.88,16686961,1466409926.0,44050,1741280,10.43,June,2018,-0.019209039548022666,Slight or No change
275,PNB,EQ,2018-06-20,86.8,86.8,87.6,85.7,85.75,86.2,86.59,15014284,1300069542.95,38996,1320528,8.8,June,2018,-0.006912442396313279,Slight or No change
276,PNB,EQ,2018-06-21,86.2,86.25,86.55,83.2,83.35,83.4,84.26,17947960,1512304585.35,47383,3002331,16.73,June,2018,-0.0324825986078886,Slight or No change
277,PNB,EQ,2018-06-22,83.4,83.4,83.7,81.6,81.85,81.9,82.19,26172821,2151135308.55,55917,8342204,31.87,June,2018,-0.017985611510791366,Slight or No change
278,PNB,EQ,2018-06-25,81.9,81.9,82.4,79.5,79.65,79.8,80.94,18367654,1486644175.3,44687,3194122,17.39,June,2018,-0.025641025641025772,Slight or No change
279,PNB,EQ,2018-06-26,79.8,79.5,81.15,78.85,79.6,79.85,79.96,24559936,1963776963.85,56365,4574708,18.63,June,2018,0.0006265664160400863,Slight or No change
280,PNB,EQ,2018-06-27,79.85,79.85,80.25,75.25,76.55,76.75,77.21,23005577,1776353859.1,62311,3857346,16.77,June,2018,-0.038822792736380674,Slight or No change
281,PNB,EQ,2018-06-28,76.75,76.75,78.5,71.65,72.9,72.8,75.12,48215340,3622174075.6,90382,18732216,38.85,June,2018,-0.051465798045602695,Slight or No change
282,PNB,EQ,2018-06-29,72.8,73.55,76.35,73.55,76.15,76.15,75.56,30436895,2299743780.0,74429,5782037,19.0,June,2018,0.046016483516483575,Slight or No change
283,PNB,EQ,2018-07-02,76.15,76.8,79.75,74.4,77.95,78.15,76.85,27653723,2125148608.15,81283,2462208,8.9,July,2018,0.02626395272488513,Slight or No change
284,PNB,EQ,2018-07-03,78.15,78.0,78.15,75.85,76.8,77.15,77.0,20767258,1599086426.05,60040,2285137,11.0,July,2018,-0.012795905310300726,Slight or No change
285,PNB,EQ,2018-07-04,77.15,76.9,77.15,75.6,76.0,76.1,76.32,15453638,1179363781.35,36923,1748546,11.31,July,2018,-0.013609850939727997,Slight or No change
286,PNB,EQ,2018-07-05,76.1,76.05,78.0,75.15,75.25,75.55,76.46,20437925,1562760919.85,49861,1910423,9.35,July,2018,-0.007227332457293012,Slight or No change
287,PNB,EQ,2018-07-06,75.55,75.95,78.0,75.45,76.95,76.95,76.88,20777411,1597459480.75,47417,2286132,11.0,July,2018,0.018530774321641408,Slight or No change
288,PNB,EQ,2018-07-09,76.95,78.0,78.6,77.45,77.75,77.8,78.01,16419039,1280843434.85,37748,2763219,16.83,July,2018,0.011046133853151341,Slight or No change
289,PNB,EQ,2018-07-10,77.8,78.25,78.9,77.45,77.8,77.85,78.12,13975359,1091757205.55,31149,2002870,14.33,July,2018,0.0006426735218507673,Slight or No change
290,PNB,EQ,2018-07-11,77.85,78.0,78.2,75.35,75.55,75.55,76.56,15332841,1173911560.95,38910,3064369,19.99,July,2018,-0.029543994861913947,Slight or No change
291,PNB,EQ,2018-07-12,75.55,76.1,77.7,75.75,75.85,76.1,76.68,15854520,1215790053.15,41091,1795387,11.32,July,2018,0.007279947054930513,Slight or No change
292,PNB,EQ,2018-07-13,76.1,76.3,76.35,73.15,74.1,73.85,74.12,17764493,1316634259.55,45078,3125452,17.59,July,2018,-0.029566360052562413,Slight or No change
293,PNB,EQ,2018-07-16,73.85,75.2,75.4,73.5,73.65,73.85,74.23,19426203,1442063796.55,51911,2891302,14.88,July,2018,0.0,Slight or No change
294,PNB,EQ,2018-07-17,73.85,74.3,79.8,74.1,78.7,78.7,76.94,38586630,2968962009.0,89222,5913687,15.33,July,2018,0.06567366283006115,Slight or No change
295,PNB,EQ,2018-07-18,78.7,80.0,81.95,74.5,75.3,75.2,77.36,50685774,3921188375.85,130231,8737508,17.24,July,2018,-0.044472681067344366,Slight or No change
296,PNB,EQ,2018-07-19,75.2,75.55,76.9,74.2,75.3,75.3,75.74,22782507,1725614791.1,60179,1826412,8.02,July,2018,0.0013297872340425343,Slight or No change
297,PNB,EQ,2018-07-20,75.3,75.5,76.2,74.7,75.5,75.55,75.46,14332633,1081520762.8,38726,1171898,8.18,July,2018,0.0033200531208499307,Slight or No change
298,PNB,EQ,2018-07-23,75.55,75.55,79.8,74.95,78.65,78.95,77.37,28920645,2237561954.35,68799,5208807,18.01,July,2018,0.045003309066843133,Slight or No change
299,PNB,EQ,2018-07-24,78.95,79.4,80.3,78.3,79.25,79.3,79.41,25963685,2061759369.15,64359,4810544,18.53,July,2018,0.004433185560481334,Slight or No change
300,PNB,EQ,2018-07-25,79.3,79.6,80.45,78.4,79.1,79.25,79.3,17521847,1389459834.0,40390,1952155,11.14,July,2018,-0.0006305170239596647,Slight or No change
301,PNB,EQ,2018-07-26,79.25,80.1,81.75,79.7,80.95,80.85,80.78,46087316,3722955290.4,97974,12857805,27.9,July,2018,0.02018927444794949,Slight or No change
302,PNB,EQ,2018-07-27,80.85,81.1,84.45,80.85,82.0,82.0,82.85,59634047,4940945805.5,125894,17271924,28.96,July,2018,0.014223871366728646,Slight or No change
303,PNB,EQ,2018-07-30,82.0,83.25,86.95,83.25,85.6,85.9,85.63,81035764,6939472606.2,181257,31015576,38.27,July,2018,0.04756097560975614,Slight or No change
304,PNB,EQ,2018-07-31,85.9,86.0,87.2,84.3,85.0,85.1,85.53,37202427,3181757266.05,84985,6667356,17.92,July,2018,-0.00931315483119921,Slight or No change
305,PNB,EQ,2018-08-01,85.1,85.1,88.7,84.5,86.1,87.4,86.14,42891508,3694791937.15,86506,11777256,27.46,August,2018,0.027027027027027195,Slight or No change
306,PNB,EQ,2018-08-02,87.4,86.1,86.7,84.45,85.0,85.15,85.5,38618382,3301816086.4,79428,9464852,24.51,August,2018,-0.025743707093821455,Slight or No change
307,PNB,EQ,2018-08-03,85.15,85.7,89.3,85.5,88.2,88.15,87.63,60881327,5335050354.2,147324,19020291,31.24,August,2018,0.03523194362889015,Slight or No change
308,PNB,EQ,2018-08-06,88.15,89.5,90.7,88.2,89.95,90.05,89.77,49669291,4458717512.4,112345,13279782,26.74,August,2018,0.021554169030062242,Slight or No change
309,PNB,EQ,2018-08-07,90.05,90.25,91.55,82.5,82.9,82.85,87.22,139040553,12126988012.5,329206,19446190,13.99,August,2018,-0.07995558023320382,Slight or No change
310,PNB,EQ,2018-08-08,82.85,83.45,83.6,80.05,80.35,80.45,82.03,60658357,4975890435.6,141190,14160574,23.34,August,2018,-0.0289680144840071,Slight or No change
311,PNB,EQ,2018-08-09,80.45,81.7,83.85,81.15,83.5,83.4,82.75,45391038,3755985205.1,109015,8356049,18.41,August,2018,0.03666873834679918,Slight or No change
312,PNB,EQ,2018-08-10,83.4,83.95,84.75,82.6,83.0,83.25,83.71,51034567,4272181692.4,92040,14642015,28.69,August,2018,-0.0017985611510792365,Slight or No change
313,PNB,EQ,2018-08-13,83.25,82.5,82.65,79.6,80.7,80.4,81.44,30972235,2522341696.6,68763,6426000,20.75,August,2018,-0.03423423423423422,Slight or No change
314,PNB,EQ,2018-08-14,80.4,81.0,81.85,79.5,79.75,79.9,80.55,20667786,1664766427.3,55210,4757930,23.02,August,2018,-0.006218905472636815,Slight or No change
315,PNB,EQ,2018-08-16,79.9,79.15,82.75,78.65,82.05,81.55,81.34,39893139,3244824496.2,81680,8174841,20.49,August,2018,0.020650813516895905,Slight or No change
316,PNB,EQ,2018-08-17,81.55,82.5,83.9,82.3,83.45,83.45,83.12,25610532,2128635766.9,53994,6210993,24.25,August,2018,0.023298589822195126,Slight or No change
317,PNB,EQ,2018-08-20,83.45,84.0,84.9,82.8,83.65,84.2,83.84,25753772,2159280385.35,59336,7309026,28.38,August,2018,0.008987417615338611,Slight or No change
318,PNB,EQ,2018-08-21,84.2,84.25,84.9,83.25,83.6,83.65,83.92,16719748,1403039381.35,35553,3447729,20.62,August,2018,-0.0065320665083135054,Slight or No change
319,PNB,EQ,2018-08-23,83.65,83.7,85.95,82.0,85.85,84.5,83.37,26998678,2250869913.15,55345,4851858,17.97,August,2018,0.010161386730424216,Slight or No change
320,PNB,EQ,2018-08-24,84.5,85.2,87.9,85.05,85.6,85.8,86.47,62911086,5439638099.6,165987,13279769,21.11,August,2018,0.01538461538461533,Slight or No change
321,PNB,EQ,2018-08-27,85.8,86.5,87.15,85.0,85.1,85.25,86.2,25336814,2184025063.75,61724,4881685,19.27,August,2018,-0.0064102564102563875,Slight or No change
322,PNB,EQ,2018-08-28,85.25,85.5,85.8,82.5,82.9,82.9,83.64,24887374,2081488105.65,58392,3856414,15.5,August,2018,-0.02756598240469199,Slight or No change
323,PNB,EQ,2018-08-29,82.9,83.4,84.8,82.9,83.9,84.15,84.02,23031862,1935049837.75,50819,4538988,19.71,August,2018,0.015078407720144682,Slight or No change
324,PNB,EQ,2018-08-30,84.15,84.1,85.9,83.6,84.75,85.1,84.94,40695329,3456821781.85,74684,10712023,26.32,August,2018,0.0112893642305405,Slight or No change
325,PNB,EQ,2018-08-31,85.1,84.5,88.45,83.65,88.0,88.15,86.24,45793988,3949139627.1,94982,10887522,23.78,August,2018,0.03584018801410127,Slight or No change
326,PNB,EQ,2018-09-03,88.15,88.3,89.3,86.0,86.0,86.35,88.05,30610408,2695345823.75,76964,4326268,14.13,September,2018,-0.020419739081111832,Slight or No change
327,PNB,EQ,2018-09-04,86.35,86.4,86.85,82.85,83.3,83.15,84.72,25579702,2167003555.55,60666,5146043,20.12,September,2018,-0.03705848291835545,Slight or No change
328,PNB,EQ,2018-09-05,83.15,83.2,83.85,81.4,83.15,83.1,82.66,21704587,1794074680.9,54937,2605713,12.01,September,2018,-0.000601322910403046,Slight or No change
329,PNB,EQ,2018-09-06,83.1,84.0,84.7,82.85,83.2,83.25,83.61,25079939,2096853285.65,57788,4024839,16.05,September,2018,0.0018050541516245744,Slight or No change
330,PNB,EQ,2018-09-07,83.25,83.35,84.65,82.45,84.2,84.4,83.76,19594125,1641166883.1,45308,2695267,13.76,September,2018,0.013813813813813969,Slight or No change
331,PNB,EQ,2018-09-10,84.4,83.75,85.0,82.0,82.7,82.7,83.44,21243030,1772518180.95,59945,2811242,13.23,September,2018,-0.020142180094786744,Slight or No change
332,PNB,EQ,2018-09-11,82.7,83.8,84.5,81.4,81.6,81.7,83.28,27909748,2324184294.6,61634,3616098,12.96,September,2018,-0.01209189842805325,Slight or No change
333,PNB,EQ,2018-09-12,81.7,81.8,82.35,79.2,81.0,81.15,80.7,35789023,2888196060.4,88777,6213802,17.36,September,2018,-0.006731946144430845,Slight or No change
334,PNB,EQ,2018-09-14,81.15,82.7,83.3,82.05,82.9,82.8,82.6,20505103,1693660137.2,50441,2667048,13.01,September,2018,0.020332717190387983,Slight or No change
335,PNB,EQ,2018-09-17,82.8,82.4,84.05,81.0,82.9,83.0,82.57,26030699,2149243992.5,66176,2868065,11.02,September,2018,0.0024154589371980784,Slight or No change
336,PNB,EQ,2018-09-18,83.0,82.2,82.6,78.6,79.35,79.3,80.37,37211584,2990514360.65,78826,6813675,18.31,September,2018,-0.04457831325301209,Slight or No change
337,PNB,EQ,2018-09-19,79.3,79.5,80.75,78.7,79.25,79.25,79.84,24270870,1937852724.9,54203,2073032,8.54,September,2018,-0.0006305170239596647,Slight or No change
338,PNB,EQ,2018-09-21,79.25,79.55,80.35,67.4,73.2,72.85,75.03,50163352,3763644461.25,111043,9206243,18.35,September,2018,-0.08075709779179818,Slight or No change
339,PNB,EQ,2018-09-24,72.85,74.0,74.4,68.65,68.8,69.2,70.61,37491629,2647152839.5,98995,8503213,22.68,September,2018,-0.05010295126973219,Slight or No change
340,PNB,EQ,2018-09-25,69.2,69.15,69.65,63.65,67.45,66.95,66.94,58214340,3896995265.85,133168,11740261,20.17,September,2018,-0.03251445086705207,Slight or No change
341,PNB,EQ,2018-09-26,66.95,68.15,69.2,66.25,66.9,67.05,67.52,43152887,2913668673.95,97525,6678426,15.48,September,2018,0.0014936519790886837,Slight or No change
342,PNB,EQ,2018-09-27,67.05,67.7,67.7,61.25,61.85,62.5,64.64,47047470,3041171565.85,120036,18391128,39.09,September,2018,-0.06785980611483966,Slight or No change
343,PNB,EQ,2018-09-28,62.5,62.55,63.4,58.45,59.75,59.7,60.73,68264539,4145592477.65,158537,12379718,18.13,September,2018,-0.04479999999999995,Slight or No change
344,PNB,EQ,2018-10-01,59.7,60.0,63.55,58.55,63.3,63.2,61.29,39640035,2429408453.9,96377,6114470,15.42,October,2018,0.058626465661641536,Slight or No change
345,PNB,EQ,2018-10-03,63.2,63.8,66.35,62.7,64.4,64.65,64.86,42231670,2739335282.8,103608,6306568,14.93,October,2018,0.022943037974683556,Slight or No change
346,PNB,EQ,2018-10-04,64.65,63.15,65.5,62.85,64.5,64.8,64.54,32208001,2078747423.35,75755,3753084,11.65,October,2018,0.002320185614849146,Slight or No change
347,PNB,EQ,2018-10-05,64.8,65.0,66.35,63.0,63.25,63.85,64.78,31872123,2064824703.25,80788,4176873,13.11,October,2018,-0.014660493827160392,Slight or No change
348,PNB,EQ,2018-10-08,63.85,64.0,64.6,61.1,62.7,62.85,63.24,29733364,1880355176.35,64550,3402988,11.45,October,2018,-0.01566170712607673,Slight or No change
349,PNB,EQ,2018-10-09,62.85,63.45,63.9,61.5,62.8,62.65,62.67,24773210,1552469763.25,53109,1655065,6.68,October,2018,-0.0031821797931583795,Slight or No change
350,PNB,EQ,2018-10-10,62.65,62.8,66.95,62.3,66.5,66.3,64.82,30162010,1955133957.55,68958,5640187,18.7,October,2018,0.058260175578611406,Slight or No change
351,PNB,EQ,2018-10-11,66.3,64.0,66.0,63.1,64.35,64.3,64.43,27655306,1781825601.75,60582,5379337,19.45,October,2018,-0.0301659125188537,Slight or No change
352,PNB,EQ,2018-10-12,64.3,65.1,67.65,65.05,66.5,66.5,66.61,22188888,1477947036.45,52869,4875478,21.97,October,2018,0.034214618973561484,Slight or No change
353,PNB,EQ,2018-10-15,66.5,67.0,67.95,65.35,67.55,67.55,67.11,21390663,1435486502.8,52876,4223244,19.74,October,2018,0.015789473684210575,Slight or No change
354,PNB,EQ,2018-10-16,67.55,68.2,70.35,67.85,69.9,69.95,69.19,21972857,1520290714.45,56211,3370186,15.34,October,2018,0.03552923760177662,Slight or No change
355,PNB,EQ,2018-10-17,69.95,71.0,71.15,66.1,66.3,66.5,68.5,24801387,1698975153.1,56621,5123946,20.66,October,2018,-0.04932094353109373,Slight or No change
356,PNB,EQ,2018-10-19,66.5,66.2,67.4,65.25,66.15,66.0,66.39,18158920,1205518602.6,48163,2207272,12.16,October,2018,-0.007518796992481258,Slight or No change
357,PNB,EQ,2018-10-22,66.0,66.9,67.45,65.4,65.8,65.7,66.41,16020570,1063935181.4,42701,1788997,11.17,October,2018,-0.004545454545454519,Slight or No change
358,PNB,EQ,2018-10-23,65.7,65.45,66.25,63.85,65.15,64.75,64.97,16070344,1044078728.05,40061,2176375,13.54,October,2018,-0.014459665144596734,Slight or No change
359,PNB,EQ,2018-10-24,64.75,65.8,66.35,64.6,66.3,65.8,65.36,17199693,1124229068.9,45278,3097894,18.01,October,2018,0.016216216216216273,Slight or No change
360,PNB,EQ,2018-10-25,65.8,65.2,66.7,65.0,65.75,65.65,65.77,23250113,1529220817.95,65413,5552009,23.88,October,2018,-0.0022796352583585033,Slight or No change
361,PNB,EQ,2018-10-26,65.65,66.0,67.25,65.25,66.3,66.15,66.27,20915568,1386047533.5,49296,3152893,15.07,October,2018,0.007616146230007725,Slight or No change
362,PNB,EQ,2018-10-29,66.15,66.85,71.8,65.6,70.75,70.9,69.59,36931154,2569956579.7,84576,6938666,18.79,October,2018,0.0718065003779289,Slight or No change
363,PNB,EQ,2018-10-30,70.9,71.0,75.25,70.75,72.85,72.55,73.17,43626784,3191978431.55,99222,4671163,10.71,October,2018,0.023272214386459655,Slight or No change
364,PNB,EQ,2018-10-31,72.55,73.8,74.25,71.7,73.6,73.65,73.12,28632204,2093559417.75,64732,3641425,12.72,October,2018,0.015161957270847903,Slight or No change
365,PNB,EQ,2018-11-01,73.65,74.4,75.0,73.2,74.3,74.3,74.13,21269555,1576614116.25,49091,2710980,12.75,November,2018,0.008825526137135054,Slight or No change
366,PNB,EQ,2018-11-02,74.3,74.95,78.7,68.05,68.95,69.05,72.83,91979581,6699194943.55,227254,14168787,15.4,November,2018,-0.07065948855989235,Slight or No change
367,PNB,EQ,2018-11-05,69.05,68.7,70.95,67.4,70.8,70.4,69.19,33569269,2322773383.4,81635,3527283,10.51,November,2018,0.01955104996379453,Slight or No change
368,PNB,EQ,2018-11-06,70.4,71.2,71.55,69.9,70.3,70.6,70.77,18682517,1322157440.95,48290,2408838,12.89,November,2018,0.0028409090909089496,Slight or No change
369,PNB,EQ,2018-11-07,70.6,71.0,71.2,70.6,71.0,70.95,70.92,2459502,174425464.65,11449,1086538,44.18,November,2018,0.004957507082153034,Slight or No change
370,PNB,EQ,2018-11-09,70.95,71.0,72.4,70.2,71.6,71.65,71.65,16410330,1175721778.6,42655,2667613,16.26,November,2018,0.009866102889358741,Slight or No change
371,PNB,EQ,2018-11-12,71.65,72.0,72.1,69.7,70.35,70.5,70.58,15610896,1101809724.05,36680,2508775,16.07,November,2018,-0.01605024424284729,Slight or No change
372,PNB,EQ,2018-11-13,70.5,68.5,70.3,68.45,69.95,70.0,69.56,16257056,1130900288.8,39739,1610115,9.9,November,2018,-0.007092198581560294,Slight or No change
373,PNB,EQ,2018-11-14,70.0,70.5,72.05,70.1,70.65,70.75,71.05,19262384,1368615328.6,45177,2436716,12.65,November,2018,0.010714285714285676,Slight or No change
374,PNB,EQ,2018-11-15,70.75,70.75,71.6,69.75,71.05,71.15,70.93,13633606,966986001.05,30301,1974296,14.48,November,2018,0.005653710247349952,Slight or No change
375,PNB,EQ,2018-11-16,71.15,71.4,74.15,70.6,73.25,73.2,72.36,29393571,2126920999.75,64667,6621521,22.53,November,2018,0.028812368236120767,Slight or No change
376,PNB,EQ,2018-11-19,73.2,73.9,74.05,72.5,73.45,73.3,73.37,17064185,1251943776.15,41595,2159302,12.65,November,2018,0.00136612021857907,Slight or No change
377,PNB,EQ,2018-11-20,73.3,72.3,74.3,70.65,70.95,71.3,72.9,22772511,1660082130.05,55361,3161196,13.88,November,2018,-0.027285129604365577,Slight or No change
378,PNB,EQ,2018-11-21,71.3,71.35,73.0,71.0,72.9,72.7,72.16,15213307,1097830391.0,42552,2031961,13.36,November,2018,0.01963534361851349,Slight or No change
379,PNB,EQ,2018-11-22,72.7,73.0,73.4,71.4,71.5,71.7,72.44,12316028,892218680.0,32046,1817852,14.76,November,2018,-0.01375515818431916,Slight or No change
380,PNB,EQ,2018-11-26,71.7,72.1,72.2,69.85,71.35,71.25,70.98,14534558,1031666540.2,32391,1626641,11.19,November,2018,-0.006276150627615107,Slight or No change
381,PNB,EQ,2018-11-27,71.25,71.25,73.15,70.6,72.45,72.45,71.76,18202285,1306122774.8,40126,2420673,13.3,November,2018,0.01684210526315799,Slight or No change
382,PNB,EQ,2018-11-28,72.45,72.95,73.0,69.1,69.45,69.6,71.03,21486398,1526243081.0,51272,3935026,18.31,November,2018,-0.03933747412008293,Slight or No change
383,PNB,EQ,2018-11-29,69.6,70.1,70.35,68.85,69.75,69.65,69.65,17242452,1200880067.3,43295,2923453,16.95,November,2018,0.0007183908045977905,Slight or No change
384,PNB,EQ,2018-11-30,69.65,70.0,70.5,69.0,69.9,69.9,69.71,14026529,977772766.75,34491,2370805,16.9,November,2018,0.003589375448671994,Slight or No change
385,PNB,EQ,2018-12-03,69.9,70.0,72.0,69.45,71.55,71.45,70.74,15579155,1102013870.85,38318,2972118,19.08,December,2018,0.022174535050071498,Slight or No change
386,PNB,EQ,2018-12-04,71.45,71.45,71.9,69.25,69.65,69.55,70.62,17168281,1212471240.0,35981,3793750,22.1,December,2018,-0.026592022393282067,Slight or No change
387,PNB,EQ,2018-12-05,69.55,69.5,70.1,68.4,68.65,68.95,69.3,15370028,1065143645.3,39501,3820238,24.86,December,2018,-0.008626887131559902,Slight or No change
388,PNB,EQ,2018-12-06,68.95,68.5,68.65,65.85,66.0,66.1,66.9,22242427,1488068544.45,51052,5764840,25.92,December,2018,-0.041334300217549025,Slight or No change
389,PNB,EQ,2018-12-07,66.1,66.4,67.0,64.45,65.8,66.0,65.98,21210644,1399411738.5,46818,3903238,18.4,December,2018,-0.0015128593040846239,Slight or No change
390,PNB,EQ,2018-12-10,66.0,64.9,65.85,64.0,64.75,64.85,64.91,15452401,1003038959.2,38443,1966712,12.73,December,2018,-0.017424242424242564,Slight or No change
391,PNB,EQ,2018-12-11,64.85,63.5,69.15,63.35,68.8,68.7,66.97,33859505,2267629958.7,75550,3911957,11.55,December,2018,0.05936777178103325,Slight or No change
392,PNB,EQ,2018-12-12,68.7,69.1,72.0,69.05,70.65,70.8,70.69,29040526,2052947878.35,63179,3270865,11.26,December,2018,0.03056768558951961,Slight or No change
393,PNB,EQ,2018-12-13,70.8,71.6,72.5,70.95,71.35,71.35,71.67,18076633,1295558831.2,44355,3156544,17.46,December,2018,0.007768361581920846,Slight or No change
394,PNB,EQ,2018-12-14,71.35,71.0,73.4,70.8,72.7,72.65,72.59,21183370,1537706908.6,59096,3545123,16.74,December,2018,0.01822004204625105,Slight or No change
395,PNB,EQ,2018-12-17,72.65,72.8,73.25,71.9,72.8,72.85,72.68,11039826,802416600.85,25644,1586572,14.37,December,2018,0.0027529249827940028,Slight or No change
396,PNB,EQ,2018-12-18,72.85,72.6,75.8,72.15,74.4,74.25,74.49,33486536,2494574745.5,82592,5593107,16.7,December,2018,0.019217570350034352,Slight or No change
397,PNB,EQ,2018-12-19,74.25,74.9,77.25,74.75,77.0,76.95,76.43,29772662,2275658997.15,74510,6323430,21.24,December,2018,0.036363636363636376,Slight or No change
398,PNB,EQ,2018-12-20,76.95,76.4,78.1,75.65,76.35,76.1,76.96,28834262,2219121089.75,66328,3830293,13.28,December,2018,-0.011046133853151452,Slight or No change
399,PNB,EQ,2018-12-21,76.1,77.75,78.8,75.7,76.7,76.35,76.96,40025985,3080285430.25,86490,8447888,21.11,December,2018,0.003285151116951379,Slight or No change
400,PNB,EQ,2018-12-24,76.35,76.7,77.35,75.85,76.85,76.7,76.64,20719115,1587992756.15,38451,1881914,9.08,December,2018,0.004584151931892766,Slight or No change
401,PNB,EQ,2018-12-26,76.7,77.0,78.3,74.7,78.2,77.75,76.24,22820304,1739895218.85,48295,2621243,11.49,December,2018,0.013689700130377958,Slight or No change
402,PNB,EQ,2018-12-27,77.75,78.45,78.85,77.3,77.9,77.95,77.94,24709123,1925878237.0,45379,4458523,18.04,December,2018,0.0025723472668810476,Slight or No change
403,PNB,EQ,2018-12-28,77.95,78.0,79.0,77.9,78.35,78.45,78.49,18081826,1419242196.3,36135,3613603,19.98,December,2018,0.006414368184733732,Slight or No change
404,PNB,EQ,2018-12-31,78.45,78.7,79.45,77.85,78.1,78.1,78.45,13924275,1092290092.3,28721,1567542,11.26,December,2018,-0.004461440407903194,Slight or No change
405,PNB,EQ,2019-01-01,78.1,78.6,80.0,78.05,79.95,79.8,79.07,18609031,1471497118.7,40373,3431838,18.44,January,2019,0.02176696542893719,Slight or No change
406,PNB,EQ,2019-01-02,79.8,79.55,80.4,77.3,77.95,77.85,78.87,27192314,2144548937.25,56734,4095844,15.06,January,2019,-0.024436090225563922,Slight or No change
407,PNB,EQ,2019-01-03,77.85,78.1,78.95,77.05,77.8,77.85,77.95,18780736,1463883159.9,36287,1474585,7.85,January,2019,0.0,Slight or No change
408,PNB,EQ,2019-01-04,77.85,78.0,81.9,77.65,81.85,81.3,80.13,35324306,2830622456.8,75559,6067487,17.18,January,2019,0.044315992292870865,Slight or No change
409,PNB,EQ,2019-01-07,81.3,82.45,82.9,80.0,80.7,80.55,81.4,21061552,1714462864.35,50185,4354474,20.67,January,2019,-0.009225092250922495,Slight or No change
410,PNB,EQ,2019-01-08,80.55,80.55,81.95,79.75,81.75,81.7,81.07,17598981,1426765933.8,39537,2368195,13.46,January,2019,0.014276846679081467,Slight or No change
411,PNB,EQ,2019-01-09,81.7,82.0,82.15,79.8,80.35,80.7,80.97,18063915,1462651767.5,39800,2653314,14.69,January,2019,-0.012239902080783405,Slight or No change
412,PNB,EQ,2019-01-10,80.7,80.3,81.65,80.1,81.05,81.25,80.93,15125630,1224042091.55,32884,1837351,12.15,January,2019,0.006815365551424923,Slight or No change
413,PNB,EQ,2019-01-11,81.25,81.25,81.55,80.35,80.45,80.65,80.9,12150994,983050679.75,26695,1437130,11.83,January,2019,-0.007384615384615323,Slight or No change
414,PNB,EQ,2019-01-14,80.65,80.35,82.9,79.1,82.85,82.5,81.15,22990328,1865763736.2,56239,4644210,20.2,January,2019,0.02293862368257904,Slight or No change
415,PNB,EQ,2019-01-15,82.5,82.85,83.4,81.5,82.05,81.95,82.44,14499042,1195336747.35,35641,2267817,15.64,January,2019,-0.006666666666666599,Slight or No change
416,PNB,EQ,2019-01-16,81.95,82.0,85.0,81.85,84.05,84.25,84.15,30560868,2571567871.75,81644,4906946,16.06,January,2019,0.028065893837705858,Slight or No change
417,PNB,EQ,2019-01-17,84.25,84.3,85.05,82.95,84.4,84.55,84.07,22181000,1864754591.85,63809,3871270,17.45,January,2019,0.0035608308605341588,Slight or No change
418,PNB,EQ,2019-01-18,84.55,84.55,84.85,82.5,82.75,82.85,83.78,16185024,1356052392.05,44728,2942085,18.18,January,2019,-0.020106445890005986,Slight or No change
419,PNB,EQ,2019-01-21,82.85,82.85,83.55,79.65,80.0,80.25,82.02,20063465,1645692756.95,47785,2628097,13.1,January,2019,-0.031382015691007736,Slight or No change
420,PNB,EQ,2019-01-22,80.25,80.2,80.5,78.3,78.45,78.6,79.28,17346423,1375215115.2,39313,2028620,11.69,January,2019,-0.020560747663551426,Slight or No change
421,PNB,EQ,2019-01-23,78.6,78.6,79.4,77.3,77.55,77.75,78.53,12687561,996354333.95,31971,1670772,13.17,January,2019,-0.010814249363867656,Slight or No change
422,PNB,EQ,2019-01-24,77.75,77.75,78.55,77.25,78.4,78.1,77.93,13272022,1034294332.95,28973,1475089,11.11,January,2019,0.004501607717041667,Slight or No change
423,PNB,EQ,2019-01-25,78.1,78.35,80.45,75.9,77.0,76.6,78.52,19763289,1551740953.65,44445,3407205,17.24,January,2019,-0.01920614596670933,Slight or No change
424,PNB,EQ,2019-01-28,76.6,77.0,78.15,75.75,76.2,76.1,76.72,19106196,1465867001.9,47490,2556523,13.38,January,2019,-0.00652741514360311,Slight or No change
425,PNB,EQ,2019-01-29,76.1,76.15,78.5,75.55,77.7,77.3,77.16,17793292,1372950826.5,42270,2126321,11.95,January,2019,0.015768725361366753,Slight or No change
426,PNB,EQ,2019-01-30,77.3,77.75,78.25,76.7,77.2,77.25,77.39,11238545,869805042.9,26381,1335812,11.89,January,2019,-0.0006468305304010435,Slight or No change
427,PNB,EQ,2019-01-31,77.25,77.7,77.8,75.45,77.45,77.5,76.8,16757529,1286919684.2,39575,2828836,16.88,January,2019,0.003236245954692629,Slight or No change
428,PNB,EQ,2019-02-01,77.5,78.0,78.4,73.55,73.8,73.9,76.24,25916009,1975725575.2,54212,3849114,14.85,February,2019,-0.04645161290322575,Slight or No change
429,PNB,EQ,2019-02-04,73.9,74.05,74.1,71.05,73.5,73.15,72.41,22905988,1658709447.0,51975,2360852,10.31,February,2019,-0.010148849797023018,Slight or No change
430,PNB,EQ,2019-02-05,73.15,74.5,76.5,72.0,73.3,73.4,74.63,70132820,5234219810.85,184975,6796631,9.69,February,2019,0.0034176349965824304,Slight or No change
431,PNB,EQ,2019-02-06,73.4,74.1,75.65,72.8,75.45,75.2,74.21,27503709,2041097669.65,64621,2841823,10.33,February,2019,0.02452316076294281,Slight or No change
432,PNB,EQ,2019-02-07,75.2,75.65,76.6,74.85,75.65,75.65,75.69,23866199,1806532220.05,53494,2368010,9.92,February,2019,0.005984042553191626,Slight or No change
433,PNB,EQ,2019-02-08,75.65,75.0,75.0,70.65,71.1,71.2,72.4,31290303,2265461385.1,85924,6171658,19.72,February,2019,-0.05882352941176472,Slight or No change
434,PNB,EQ,2019-02-11,71.2,71.4,71.45,70.3,71.0,70.85,70.88,18322730,1298712118.55,67103,4883894,26.65,February,2019,-0.004915730337078816,Slight or No change
435,PNB,EQ,2019-02-12,70.85,71.2,72.25,70.85,71.3,71.35,71.52,13405209,958680126.7,38573,1863854,13.9,February,2019,0.007057163020465884,Slight or No change
436,PNB,EQ,2019-02-13,71.35,71.7,71.85,69.1,69.45,69.45,70.56,14108866,995502939.85,40002,2086552,14.79,February,2019,-0.0266292922214435,Slight or No change
437,PNB,EQ,2019-02-14,69.45,69.5,72.65,68.7,72.35,72.25,70.95,18981245,1346628292.85,45074,2945259,15.52,February,2019,0.0403167746580273,Slight or No change
438,PNB,EQ,2019-02-15,72.25,72.0,73.2,69.4,70.2,70.05,70.83,22508284,1594293499.7,50741,3966625,17.62,February,2019,-0.0304498269896194,Slight or No change
439,PNB,EQ,2019-02-18,70.05,70.25,71.1,68.7,68.9,69.0,69.7,17183987,1197701406.55,49698,3383914,19.69,February,2019,-0.01498929336188437,Slight or No change
440,PNB,EQ,2019-02-19,69.0,69.3,71.5,69.1,69.9,69.95,70.4,18800655,1323528807.5,46883,2359469,12.55,February,2019,0.013768115942029091,Slight or No change
441,PNB,EQ,2019-02-20,69.95,70.4,71.45,70.25,71.2,71.1,70.88,14646666,1038190222.3,37791,2231622,15.24,February,2019,0.01644031451036443,Slight or No change
442,PNB,EQ,2019-02-21,71.1,76.0,76.0,72.65,73.0,73.15,73.54,47884317,3521485797.1,110852,6155068,12.85,February,2019,0.028832630098452938,Slight or No change
443,PNB,EQ,2019-02-22,73.15,72.95,73.95,72.5,73.35,73.2,73.25,17255280,1263934556.6,43245,1952517,11.32,February,2019,0.0006835269993163973,Slight or No change
444,PNB,EQ,2019-02-25,73.2,73.4,73.75,72.9,73.55,73.5,73.38,10143437,744367910.45,25716,2219541,21.88,February,2019,0.004098360655737654,Slight or No change
445,PNB,EQ,2019-02-26,73.5,72.8,72.8,70.1,71.85,71.85,71.6,24903931,1783080889.75,56902,4713420,18.93,February,2019,-0.022448979591836782,Slight or No change
446,PNB,EQ,2019-02-27,71.85,72.5,73.6,70.95,71.35,71.5,72.14,24053517,1735184536.0,51611,3458970,14.38,February,2019,-0.004871259568545505,Slight or No change
447,PNB,EQ,2019-02-28,71.5,71.55,72.7,71.45,72.6,72.3,72.02,16139027,1162310764.6,32782,3769849,23.36,February,2019,0.01118881118881121,Slight or No change
448,PNB,EQ,2019-03-01,72.3,73.0,77.0,72.7,77.0,76.65,75.41,37660508,2839964029.85,80382,7940741,21.09,March,2019,0.06016597510373467,Slight or No change
449,PNB,EQ,2019-03-05,76.65,77.0,83.35,76.25,82.25,82.65,81.08,50845208,4122298389.1,129170,9619217,18.92,March,2019,0.07827788649706457,Slight or No change
450,PNB,EQ,2019-03-06,82.65,82.7,83.8,81.4,82.2,82.4,82.51,27381377,2259179099.95,80702,5316308,19.42,March,2019,-0.003024803387779773,Slight or No change
451,PNB,EQ,2019-03-07,82.4,82.45,86.2,81.3,85.4,85.45,84.84,48792690,4139723348.9,122281,8038554,16.47,March,2019,0.03701456310679618,Slight or No change
452,PNB,EQ,2019-03-08,85.45,85.35,85.85,83.6,83.85,83.8,84.5,26190794,2213141429.55,64071,3656720,13.96,March,2019,-0.019309537741369343,Slight or No change
453,PNB,EQ,2019-03-11,83.8,84.1,86.45,84.1,85.8,85.85,85.55,23446148,2005852646.25,68149,3706374,15.81,March,2019,0.02446300715990457,Slight or No change
454,PNB,EQ,2019-03-12,85.85,86.75,87.35,84.75,85.1,85.4,85.97,28275260,2430874625.9,77215,6386050,22.59,March,2019,-0.005241700640652214,Slight or No change
455,PNB,EQ,2019-03-13,85.4,85.2,85.95,83.3,85.05,84.85,84.63,26167126,2214634653.7,62335,3790818,14.49,March,2019,-0.0064402810304451386,Slight or No change
456,PNB,EQ,2019-03-14,84.85,85.05,85.75,83.7,84.6,84.45,84.64,23309588,1972921370.1,57527,2402619,10.31,March,2019,-0.004714201532115436,Slight or No change
457,PNB,EQ,2019-03-15,84.45,85.3,87.3,85.1,85.5,86.05,86.32,47765635,4123085419.8,109788,13075499,27.37,March,2019,0.018946121965660145,Slight or No change
458,PNB,EQ,2019-03-18,86.05,86.45,87.1,85.05,86.7,86.65,85.99,28960560,2490398055.45,65665,4083352,14.1,March,2019,0.006972690296339401,Slight or No change
459,PNB,EQ,2019-03-19,86.65,87.65,91.95,87.5,90.5,90.5,90.01,76686943,6902948226.6,170929,8465419,11.04,March,2019,0.04443162146566637,Slight or No change
460,PNB,EQ,2019-03-20,90.5,91.0,94.15,89.35,93.8,93.55,91.87,65416389,6009891851.75,152364,6719229,10.27,March,2019,0.03370165745856357,Slight or No change
461,PNB,EQ,2019-03-22,93.55,95.95,95.95,90.6,91.05,91.55,93.7,69603817,6522164413.5,167633,13351006,19.18,March,2019,-0.02137894174238375,Slight or No change
462,PNB,EQ,2019-03-25,91.55,89.55,91.25,89.2,90.4,90.3,90.25,30226076,2727976582.05,68050,3305295,10.94,March,2019,-0.01365374112506823,Slight or No change
463,PNB,EQ,2019-03-26,90.3,91.2,93.1,90.7,93.1,92.5,91.9,24611358,2261866869.25,60146,4376577,17.78,March,2019,0.02436323366555926,Slight or No change
464,PNB,EQ,2019-03-27,92.5,93.5,95.05,92.8,93.1,93.4,93.85,44404743,4167333183.4,98145,6169120,13.89,March,2019,0.009729729729729852,Slight or No change
465,PNB,EQ,2019-03-28,93.4,93.9,95.8,93.35,95.4,95.35,94.92,43461013,4125408079.7,89634,9952002,22.9,March,2019,0.020877944325481623,Slight or No change
466,PNB,EQ,2019-03-29,95.35,95.8,97.55,95.0,95.25,95.5,96.0,39934180,3833597527.15,87014,5665498,14.19,March,2019,0.0015731515469323831,Slight or No change
467,PNB,EQ,2019-04-01,95.5,96.1,99.9,96.1,97.2,97.5,98.28,51690683,5080350787.0,117593,7431388,14.38,April,2019,0.020942408376963373,Slight or No change
468,PNB,EQ,2019-04-02,97.5,97.65,99.8,96.05,98.6,98.3,98.19,52878919,5192400851.5,108171,6959555,13.16,April,2019,0.008205128205128087,Slight or No change
469,PNB,EQ,2019-04-03,98.3,99.4,99.8,93.9,94.4,94.45,96.85,52523325,5087128001.6,109657,10103364,19.24,April,2019,-0.03916581892166826,Slight or No change
470,PNB,EQ,2019-04-04,94.45,94.0,95.75,92.85,93.7,93.65,94.24,45741687,4310589007.7,105400,5496413,12.02,April,2019,-0.00847008999470611,Slight or No change
471,PNB,EQ,2019-04-05,93.65,94.3,94.75,92.0,93.8,93.1,93.14,30275193,2819743306.85,74935,4156634,13.73,April,2019,-0.005872931126535086,Slight or No change
472,PNB,EQ,2019-04-08,93.1,93.75,95.0,92.3,93.2,93.1,93.59,34248451,3205163748.55,79333,6552424,19.13,April,2019,0.0,Slight or No change
473,PNB,EQ,2019-04-09,93.1,93.2,94.65,91.6,94.25,94.35,93.06,35537791,3307195966.15,82773,4937460,13.89,April,2019,0.013426423200859183,Slight or No change
474,PNB,EQ,2019-04-10,94.35,94.0,94.95,93.05,93.3,93.35,94.05,24772662,2329969596.15,58495,3381048,13.65,April,2019,-0.010598834128245915,Slight or No change
475,PNB,EQ,2019-04-11,93.35,93.4,93.55,92.0,92.65,92.7,92.69,20082380,1861402353.1,50109,2923261,14.56,April,2019,-0.006963042313872458,Slight or No change
476,PNB,EQ,2019-04-12,92.7,92.8,93.6,92.2,93.35,93.35,92.91,20151855,1872290756.9,45092,2988762,14.83,April,2019,0.00701186623516703,Slight or No change
477,PNB,EQ,2019-04-15,93.35,93.8,94.45,93.0,93.7,93.85,93.79,17833602,1672626217.05,37969,3912386,21.94,April,2019,0.005356186395286455,Slight or No change
478,PNB,EQ,2019-04-16,93.85,93.5,93.95,92.35,92.6,92.8,93.19,16776973,1563434598.45,37984,2455901,14.64,April,2019,-0.011188066062866264,Slight or No change
479,PNB,EQ,2019-04-18,92.8,92.55,92.8,89.7,90.0,90.05,90.72,24453025,2218413077.65,56615,5154445,21.08,April,2019,-0.029633620689655138,Slight or No change
480,PNB,EQ,2019-04-22,90.05,89.9,90.0,86.15,86.5,86.65,88.32,22607916,1996658638.25,61840,3994893,17.67,April,2019,-0.03775680177679053,Slight or No change
481,PNB,EQ,2019-04-23,86.65,86.55,89.0,86.5,87.3,87.2,87.91,26099019,2294305026.5,59387,2148393,8.23,April,2019,0.006347374495095259,Slight or No change
482,PNB,EQ,2019-04-24,87.2,87.7,88.8,86.75,88.7,88.35,87.7,20354853,1785092802.8,45173,2008365,9.87,April,2019,0.013188073394495348,Slight or No change
483,PNB,EQ,2019-04-25,88.35,88.0,89.15,86.05,86.45,86.75,87.83,20631056,1812032873.3,42245,3336878,16.17,April,2019,-0.018109790605546072,Slight or No change
484,PNB,EQ,2019-04-26,86.75,87.45,88.4,86.45,88.25,88.15,87.31,20387608,1780126726.25,38907,2213013,10.85,April,2019,0.016138328530259427,Slight or No change
485,PNB,EQ,2019-04-30,88.15,88.15,88.15,83.6,84.95,84.9,84.95,26321705,2235973315.15,64896,3590837,13.64,April,2019,-0.03686897334089623,Slight or No change
486,PNB,EQ,2019-05-02,84.9,84.25,87.85,84.0,86.4,86.1,86.64,27331709,2368131376.55,54834,2773924,10.15,May,2019,0.014134275618374437,Slight or No change
487,PNB,EQ,2019-05-03,86.1,86.95,87.8,86.3,87.3,87.15,87.13,20112657,1752334266.05,50336,1714096,8.52,May,2019,0.012195121951219745,Slight or No change
488,PNB,EQ,2019-05-06,87.15,86.35,87.55,85.6,86.1,86.25,86.59,17151414,1485157428.7,40056,2442594,14.24,May,2019,-0.010327022375215211,Slight or No change
489,PNB,EQ,2019-05-07,86.25,86.7,87.15,83.4,84.05,83.95,85.62,16356567,1400418264.15,37679,2333933,14.27,May,2019,-0.026666666666666616,Slight or No change
490,PNB,EQ,2019-05-08,83.95,83.75,85.4,83.25,84.05,83.95,84.43,23380690,1974095460.3,52244,2674859,11.44,May,2019,0.0,Slight or No change
491,PNB,EQ,2019-05-09,83.95,84.1,85.35,82.8,84.5,84.25,84.3,22934344,1933317206.7,44704,2025433,8.83,May,2019,0.003573555687909513,Slight or No change
492,PNB,EQ,2019-05-10,84.25,85.0,87.25,84.4,86.0,86.25,85.53,21821500,1866352520.3,44879,1950720,8.94,May,2019,0.023738872403560762,Slight or No change
493,PNB,EQ,2019-05-13,86.25,86.15,86.2,79.05,79.9,79.8,82.13,34293332,2816529415.2,88162,7102109,20.71,May,2019,-0.07478260869565223,Slight or No change
